sigma_COD,sigma_NH4,sigma_NOx,sigma_TKN,sigma_Alkalinity,sigma_TSS
3.393368860680719,0.11386689936502606,1.6219106025424783,0.8461448094086201,0.49405968136391115,4.860343834725716
3.613307943330132,0.1559393248161277,1.364127536788123,0.7864478774733447,0.5956445869807921,4.160647234357009
2.844057172395239,0.12510953680472184,1.463991888124593,0.7200521461236833,0.6183962039836457,4.345347951206322
3.182909150558813,0.1793260174942666,1.4555170275937341,0.821086951206013,0.5399207475703244,4.893702652471232
3.4486431843520897,0.13792657238329437,1.59786504607428,0.8322238793460496,0.48412210976082437,4.575822033481171
3.2769683544528685,0.14186363843105917,1.2447189347377126,0.8598380078277212,0.5665611032430321,4.936749790617275
3.6260606647697884,0.13141115216976076,1.3867121101739315,0.959305665977504,0.6303436649004623,4.744415830599379
3.247800574756925,0.1453491218217729,1.343699536159148,0.782119728561228,0.4925542091492132,4.731991377250236
3.9678165575867195,0.15688965659620033,1.4344428420434172,0.8571782208191109,0.5968351160183006,4.672122050352839
3.8736502268557524,0.12107652265968133,1.4159804031039078,0.8147378873837186,0.5122899991741219,3.925080514949787
3.4146920881224565,0.13107048936235768,1.36209276769421,0.7513593514553532,0.5849093303933853,5.050724022992703
3.5366850093111246,0.1098115540736637,1.422991282866326,0.892475710804974,0.6230999373657709,4.727108435525423
3.7266621834226568,0.15070570163778296,1.3763889416950197,1.0137713895210836,0.5629037934499664,4.919889397965764
3.2892608629938365,0.16378003678368366,1.3876123850402444,0.7810208609881701,0.5916553046005285,4.8579709598502925
3.297708608034062,0.13410823585349535,1.5998653326412628,0.927396716872597,0.6265509398209252,4.405847681095245
3.4116777381232177,0.14862125843613092,1.3897081685908046,0.8569520563886919,0.5869575076642839,4.539398278420248
3.5643791291311326,0.12749499677436166,1.2885776560642115,0.8377009555914623,0.5864243129139557,5.228884120925065
3.3455623242047903,0.1267119195390118,1.7727109339810416,0.7833089657310653,0.5166052560316147,4.461137188459277
3.442828166939993,0.1559465894790099,1.9632722335653066,0.904873736052058,0.5151468094664596,5.603606320177961
4.503616555510902,0.13762105320478604,1.563613285372885,0.830579524999947,0.5183506167413529,4.6219393091143
3.1008201516243563,0.12805165168412325,1.3842404266049158,0.8362961064466643,0.5973267574891294,5.111051255328598
3.4659524334183622,0.14717478542629664,1.4169939393832764,0.9418033252760124,0.5890048862187002,4.541802692484553
4.014288952210602,0.12676769590544532,1.4883997618497486,0.8290954717841184,0.5047439788639688,5.224903835889801
3.5594801954394053,0.1793365797404384,1.4462209383884301,0.8087073224396465,0.5777766584308143,5.197269798329584
3.5341939703017764,0.1504396515194479,1.3561000142449136,0.796806172810661,0.5302439840711091,4.841362082339622
3.1522829267230748,0.11597131091776396,1.4325310888094411,0.7793758639576784,0.5937274253334011,4.874299268683637
3.2910600584084677,0.11847787246332313,1.5807520181701225,0.7496692576559514,0.6199975428426528,5.915087124062106
3.24824585817791,0.11831378268707256,1.3859743571814678,0.8309343141491524,0.5765167837064797,5.150532612368909
3.0600005545685836,0.14053379034103644,1.4269949869736775,0.7690133175361856,0.5519182732405664,4.71890908044998
3.719456094728127,0.1308070079695553,1.8295617525523242,0.7869735547346918,0.5779125686805342,4.694969123865228
3.037801193964459,0.11667155839737252,1.3153447718506845,0.8979556628853681,0.5664460865753188,4.229741806254343
3.149087880996375,0.14990537215239694,1.645335805361442,0.747038719804313,0.5459202918095425,5.385169826347483
3.2898780292960406,0.13486856193142555,1.4325464933638679,0.8169829406584647,0.4994939550422359,4.961309454379953
3.45116802120633,0.12292848633638576,1.3244823235536354,0.8274146400153384,0.5310408101234457,4.994864096220608
3.959453335652232,0.13234813360384362,1.5170222560776723,0.8183603660662662,0.5742244705103853,4.914454015211286
3.4564715515000985,0.13439052638848906,1.3816581031462105,0.9051708965916688,0.5265519372858942,4.772911507608562
3.2436701756498767,0.13388148117174092,1.805571863697595,0.862187485013844,0.561220318483833,4.770174292999065
3.340070793035826,0.1273378289538478,1.263369762510141,0.8341251524498059,0.4894985382443983,4.619270688995324
3.3859089056959775,0.12852118230680443,1.6052641185213103,0.9182551810806104,0.5584384037870332,4.836758873225161
3.763214752662117,0.13812214342295515,1.5283703132356308,0.708058181480612,0.5274656241737237,5.024296064934649
3.5137778590987474,0.13318882215834826,1.4900523112421031,0.9494874647102917,0.6625486266386494,4.725534594017137
3.242715161326233,0.14585660571896525,1.3750559398967526,0.8428455088600072,0.557682617794125,4.903365669496103
3.025622370784753,0.13814641624577137,1.4362509830352295,0.9353059111775672,0.6439794794043209,4.442675361047416
3.8416271562354076,0.1271893257355847,1.6779541011516494,0.8264848077530264,0.6516505016385375,4.389244582129237
3.4847459888331125,0.1369665974851497,1.5118049092156558,0.8412860895924987,0.5774635656595509,4.753533200000497
3.4460532485337096,0.13321117853679332,1.3312294598641268,0.7660651093399438,0.5880087642120292,4.906109431323325
3.0096962211603357,0.15037160635000063,1.3828497854029158,0.8976325964864066,0.5559925488090474,4.443064884844409
3.100636212677345,0.1688703191688114,1.3842387474775353,0.8343428328883538,0.5286958837249048,5.213670420843234
3.1453152102917765,0.1347175201906979,1.2502851140240767,0.7467573739636321,0.563205778636104,4.6809208071810495
3.35907914143523,0.14889073789476545,1.3622273277307113,0.8015708934084577,0.6231241570200152,5.286065490882495
2.8380283538635096,0.13787320610152448,1.7722043702878942,0.8896125691324255,0.4967278061301423,5.3140948559209455
3.46609181215146,0.12263569768876421,1.5472316160573698,0.9593842287300294,0.6112929219079276,4.1955544743371975
3.945939632040356,0.1414720063477766,1.4232344398197245,0.8677809743293317,0.5539928014766672,4.819351839367427
3.607802976494676,0.17273498241454172,1.2740757463178387,0.753077319316373,0.4983912692769273,5.739241049357167
3.5758204672264604,0.14680106766147913,1.5973005540904877,0.8455307745929475,0.6082645649189524,4.831031921394081
3.659877026877135,0.1412250247824404,1.5183991138099204,0.8577541284793302,0.5321191227447253,4.753085067280566
3.1971429410231353,0.1277768126850617,1.4486061322879398,0.7729816734205446,0.5002658684863194,4.733711832948905
3.5335956198567717,0.1504709307300766,1.7335411027630172,0.6642786603528666,0.5981733451006063,5.1112772285733135
3.479972604398319,0.16920413564857992,1.4359972341760447,0.849459207561397,0.676926059984823,4.80424552395146
3.8025103986399973,0.14860497174724543,1.4013287074646408,0.9248292732453307,0.6077422931512036,5.001499871109252
3.2532711939873127,0.1718387545172085,1.3003717295453028,0.9390234887212748,0.6567293620175243,4.893269406826033
3.803923822325798,0.12428269807986866,1.6057006417183137,0.8259398450530759,0.6318594873413282,4.6138609373141275
3.057680280800966,0.14235012956468776,1.36883723320018,0.8273102369844062,0.5180965594304172,5.009984989453886
3.4581438858071176,0.13545148264794082,1.5847399293907867,0.8692259228953653,0.6451684601964246,4.754319329918208
3.379943726063017,0.13493845818427275,1.258874548192831,0.9606549737083702,0.5398512970957999,4.563373937674636
3.2697261837891083,0.13614869012987965,1.566615771519409,0.9287312287243111,0.6208279620315632,4.611524583802741
3.589767348412783,0.12951150262648836,1.6059839601016421,0.8514264897574269,0.5623949274855488,4.563644786175739
3.4946072036024445,0.12691256423289063,1.613646965838643,0.7744185902707346,0.6084274599898204,5.331499896510194
3.9588021691459008,0.11658507662643881,1.3247362666345752,0.783367072501591,0.492552820175586,5.119427636791131
3.7238307777343445,0.13437449970275325,1.3367496187404182,0.8758872113818877,0.5998153092511592,4.671886463269532
3.4664735158305646,0.1388292630721748,1.3846610952186063,0.9035231273761096,0.613292491749038,4.795737245687852
3.9953530326373765,0.12976219031665465,1.7104047699598142,0.7842493180256995,0.6779854115030883,5.129567470463095
3.250134740603859,0.1410124054481969,1.2822929460506332,0.862707981771577,0.5987483299332929,5.080833247014033
3.4695986067154845,0.13353214912882858,1.3298070032809821,0.6944638227843913,0.6508649492429384,4.398919240599653
3.629271045436223,0.16101653910066302,1.6133325872293105,0.8757812930044481,0.526067659010288,4.486197719748264
3.6345698173836323,0.14066575406561782,1.577588400470774,0.8190339039240777,0.5281325622942626,4.890072838581598
3.3961064704723847,0.12877859142573161,1.467409333622395,0.7928807936135474,0.6235200925423223,4.562959053948241
3.30259145424002,0.161841344900985,1.6224039177794485,0.7862771734682882,0.5672291574685043,5.146355259452857
3.187868072203554,0.1420020658334394,1.2985791790702452,1.0493709847504347,0.6751002789881698,4.503669506234823
3.2637626497292653,0.14924398948099485,1.3808031246259347,0.8626520598491147,0.5655556395129743,5.3760094743991615
3.7346204193365526,0.12722485855196092,1.3605164507636953,0.942629864454061,0.5406954881248524,4.751599200019068
3.4853775299047776,0.14417960396867124,1.319886310031257,0.849531502112349,0.7000828682023997,4.4594857618375
3.40555073410621,0.11522109531548969,1.2837114747921097,0.8660486395586692,0.6584738926161797,5.175862223449496
3.2198415481337768,0.1490629566024505,1.4871322030755814,0.7879219923157662,0.4834349965662624,5.074947540074258
3.1535703250196665,0.12203436647465277,1.560789494785262,0.880247557096542,0.5278045829052227,4.464065599764087
3.445450828336456,0.16085289527976993,1.4449774682012522,0.9848449270451988,0.6591778823309856,5.09093786913023
3.7322276773720597,0.14787901915985346,1.3651676558979984,0.7727611129154565,0.5587111427048056,5.686965412284561
3.0040539204072485,0.13934527337814864,1.3299269279145072,0.8263749535159254,0.6420197884716717,4.3913569683792115
3.2824925565854945,0.13208219241574293,1.343697139280938,0.8704727643735427,0.578501771368601,4.805667768002597
2.782215569604459,0.14226421993653293,1.446006780941895,0.9919895330462837,0.5485716672319568,4.542744451823751
3.134911883825788,0.13947640628652064,1.4404186213149122,0.8756780347217673,0.507042599026828,5.117817123293402
3.3194614282805737,0.15753492892575244,1.3367488584591711,0.7570281724155781,0.5252899509217209,4.591681588460277
3.8953747517539603,0.13468609839915419,1.5520083984210056,0.8679573428642609,0.505360799829519,5.259845783337837
3.5681719467435413,0.14973741458768985,1.4810380682701063,0.9926119167151309,0.5642642512797813,4.519779063203296
3.5245302684381628,0.13343895894847152,1.460789980508732,0.8559944312974155,0.5829246646390898,4.468720438768402
3.0213223826534086,0.11911145331910354,1.603556800069981,0.6298778487431289,0.5714656346426583,4.428003216589083
3.887598215638142,0.12794943666601657,1.4526591213671585,0.914719330259239,0.5125960106114503,5.117093769467526
3.7138353658600987,0.13289342690742517,1.7322507091676038,0.7343075235263964,0.5892846621710964,4.858606652967897
3.1024234768958343,0.1483883882960368,1.572754632981159,0.7648868207069748,0.6363050684850972,4.538991432924717
3.3855521570210785,0.17265811942954634,1.251904599259447,0.9077623822629219,0.562133572965016,4.912704100415187
3.3030996537686796,0.12324247119844357,1.3413551507356813,0.8378304843206388,0.5152490384990576,4.39328916486571
3.727399105669739,0.17562407531077803,1.5302820586757329,0.8051855172270252,0.6209530979817921,4.6368980348429085
3.3955462422629354,0.14225961622625466,1.493447513413312,0.9425047592069092,0.6264418352959661,4.920257587098969
3.3571786460869184,0.1598014075792504,1.4731684646656487,0.9382030111877496,0.5575037076453406,4.977688346629187
3.5198280562199162,0.1229460602670488,1.413621866837681,0.7867944523106106,0.5723070307611469,4.775920890427421
3.2443026449451198,0.15156668975460202,1.7758669679895862,0.8192417865307365,0.5209508954386114,4.748081950378289
3.1804165916238967,0.1398391961063916,1.4443036160846936,0.9576224692470864,0.6225651895668148,4.641318042771823
3.514129642103192,0.12503570784470872,1.5204116075516252,0.849475600087868,0.6413715322352541,5.052235300244957
3.633954182510383,0.15293099381336786,2.073013272684808,0.9571771379250993,0.5905894886113315,4.918190591700145
3.185914634830426,0.15311257583459795,1.4042305951614105,0.7696687867317368,0.5761739692997588,4.821965338106381
2.930078391720256,0.13552626001289647,1.6028307468313896,1.066286859217526,0.563752995865597,5.696256455240572
3.514415579803115,0.137868478204372,1.632696858648928,0.8558464149963969,0.5908660080011223,4.726642720743413
3.16370220681205,0.13584767793521513,1.5557556216271105,0.7890688979772992,0.5742663841037109,4.109896468799109
3.0443666430536864,0.1504452339717118,1.3487846023147962,0.7759376864778126,0.540340662495617,4.429434477283308
3.5375856955162432,0.15540286654908173,1.399308615115623,0.9664853540127111,0.6098539207841553,4.852280928484134
3.0670476825821122,0.12777348664752275,1.4665519669541678,0.8553485335071569,0.6966215838236695,5.140151918800638
2.965532669693064,0.1409838355639319,1.3469652564688337,0.8851164144413347,0.5429672916198455,5.175042872886497
3.109085870205038,0.13818854792666155,1.411368032424444,0.8432131286351133,0.6441481314854279,4.797606825046953
3.4002256976618637,0.12923194705594923,1.3480417781309724,0.7957908548311583,0.6122417874933749,4.860682871917158
3.4769322277356456,0.12720479329439127,1.356872095066665,0.8245193646989819,0.7212402400218598,4.535232481707026
3.1064172673306447,0.14882067698508966,1.3925684442599757,0.9594355001772928,0.6147877154872602,4.792597135121898
3.9755024262507805,0.12793589487342574,1.3862412114671616,0.7581097883423551,0.5626847245089628,4.851399064774274
3.756115040621844,0.16172910207379196,1.3833772229645114,0.725265777211798,0.5996415909698577,5.411675249661194
3.411957103110399,0.1486103359471988,1.342578171114808,0.9064121469372468,0.5676948335141878,4.947179725657543
3.093893288479258,0.15533698246493646,1.326988179875583,0.7567333998126614,0.5998968143381231,5.5836210606697305
3.588989238649427,0.13393763112398063,1.1810471641503564,0.7976430139835939,0.5866594045826506,5.1472466460025075
3.2757932308484525,0.16172648145024476,1.3650422718146096,0.7846045925569946,0.5004196879254037,5.448014808034769
3.1340215560315605,0.15480385598227206,1.5513099717952574,0.7873685699331495,0.6002600023547077,4.4330454255150675
3.3742633996073756,0.13756595765633384,1.4167782316698998,0.9665137286368344,0.5679948215066924,5.309005957870411
3.586797162975362,0.12667290644006066,1.383475312079891,0.897516393201443,0.6670884793442443,4.802688003409946
3.0925836631889743,0.13096058351022105,1.373103209905837,0.7848651173673399,0.6739588206490209,4.627289281041197
3.633483767365441,0.15792514976327807,1.7818739714247733,0.8501533581942083,0.5042610571557061,4.253621984639055
3.507015013700079,0.1491704893372511,1.3597492286769304,0.8587865370151413,0.6103062875345947,4.494814461219487
4.3258940996363355,0.1605161215882638,1.294389758766961,0.9245490322280362,0.6069730813092006,4.579268021943949
3.300076964121903,0.13083805364763285,1.4745497589574048,0.775153576046343,0.7423530732848831,5.438560840523762
3.602627129313233,0.1415561170228761,1.3853078443912172,0.7222799163643635,0.5524420210592647,4.509556927630152
2.708103493431167,0.13503267534287897,1.3281572735287843,0.853697736200636,0.6485603281285934,5.105253712107049
3.3285643407871603,0.14679794342718352,1.4800472731882248,0.8065469649514483,0.5686186036428303,4.946907575770099
2.8798848040960636,0.16393481475097219,1.7461263040358583,0.8856712078546923,0.5984931519716047,4.323692464668024
3.267265107212382,0.1477442128411925,1.222045286624147,0.7663086342726124,0.6554304452427558,4.606696856167319
3.2931494168005315,0.14930199502300429,1.5036194687703581,0.8386018066715929,0.6006010274947509,4.9042714868231405
3.452416711942072,0.12942450338370692,1.5315709996857652,0.7380417905664002,0.5591175555059585,4.6080128101305755
3.526763797186835,0.11786931168275369,1.49318621406044,0.8651684871670202,0.5759715021495749,4.836338668591323
3.5763748443110663,0.14172233639890436,1.3002475087517722,0.9301905500388716,0.55010096463535,4.435236025384511
3.266026315284178,0.1384993319151699,1.395384027957178,0.7909261669440825,0.5447077567952807,4.734990743094443
3.0495742593218225,0.13458152529843054,1.269481934652121,0.6434975784586147,0.5649911546806335,4.9204040489959775
3.8759727502882444,0.12349356029371202,1.6274440451164884,0.8174404412167778,0.6320877561217041,4.717884703986509
3.3155021957186728,0.131420406105855,1.6638712756483847,0.8567237505913524,0.6052304132434396,5.059017389169165
3.5270127661303716,0.13240406470376245,1.5602925736311748,0.913197290059792,0.654757818792065,4.490979487640281
3.16921466573222,0.18126574826684322,1.3073612372283505,0.7255835735356861,0.5636079329532235,5.4730077602423135
3.731232546830891,0.12114513428152864,1.7767574056899331,0.8543527025226073,0.6793489527376995,5.28798636099447
3.166881176618031,0.14512546557060063,1.322352175887307,0.8389452769094055,0.6945904918545499,4.854348429756766
3.9560895002190946,0.14237941401730955,1.4175358228132071,0.7106349464475297,0.46746702969559023,4.5606832041419665
3.7158128365035967,0.15907852829507446,1.5599295941769689,0.8435685070548397,0.6151354661650139,5.0504759269899
3.192936862829521,0.13231424772438438,1.3968364676168026,0.8043135556556755,0.5150828399548275,4.111539693322343
2.922009954467242,0.13615800569406378,1.686170462589988,0.8900311751006933,0.6907084578012994,5.482156965393124
2.8748088897649855,0.13779413719117703,1.335141481638673,0.8008377770893127,0.46099971261834405,5.224335944121074
3.726649954631244,0.13804542458660962,1.3798587311488109,0.7726791892230794,0.6524956606859974,4.876415307804022
2.968646590143691,0.12824011038301103,1.4440613249900383,0.9647772031109845,0.6136771371996296,4.564333761100997
3.465955883375479,0.15017174366495617,1.4919127564164738,0.9358450768928517,0.5463399323916406,4.3053848236164916
3.3791354019023108,0.14048727213913387,1.503761115161618,0.7128641255259955,0.47230534799539786,4.815686676025983
2.9641473828421323,0.14883510152535043,1.4835782916009517,0.8464299494133084,0.6191470624286414,5.241387693666635
3.194990019133873,0.12542342468481282,1.2290734048068177,0.7974184082097145,0.5857026349415129,4.9424877094073585
3.74733021382541,0.14281249302701587,1.2861907251837346,0.8355836510486714,0.6074746054896153,4.751186573165803
3.480851721254352,0.15948043857431451,1.6883368367472562,0.8828520668168425,0.6080620490660679,4.775152125749726
3.406225005494751,0.1377476689153852,1.4172664790587715,0.8614705930952854,0.5777950988794979,4.942135257580087
3.5596246733193775,0.1328663653905507,1.4043344054146025,0.7026055235803548,0.5364679998877048,4.546953636296829
3.3401924354494907,0.15664920602888502,1.6793298813080546,0.7282147409603369,0.6217046272848787,4.766675485443892
3.5134438718947956,0.12985345312649285,1.2422026678588782,0.9106620508286478,0.5939145524957915,4.520322520301824
3.91718920415806,0.11814020006034771,1.1656542198416937,0.7991042310445099,0.641445512710371,5.365149666737327
3.8402035006283235,0.1297999551626154,1.2206005575303027,0.7650274946106256,0.5646698586824784,4.268748321452092
3.4955002350732967,0.14142200595032786,1.2882764144292607,0.8921033471465634,0.572440976604135,4.883153353904626
3.6806143296008105,0.16425614412258174,1.4202828313911178,0.7600152653527869,0.6073089506063869,5.165298534288593
3.6742132830603396,0.15347321217221568,1.4358425399027652,0.9242454563103635,0.646989914092408,4.983652655311973
3.334673898715689,0.13017599314906106,1.3516876620289167,0.8228397259987208,0.579358871603243,4.99167530148538
3.524038889987437,0.14799674914367472,1.5968444005389388,0.919486494955054,0.48092840267238807,5.179247272682585
3.7170691708017656,0.13287556161330183,1.632200610185807,0.9859771903308668,0.563802345743237,4.451865045029161
3.1981690227546693,0.1473988634998154,1.5127050327953717,0.8145105423251064,0.5367187857698903,4.9153705742948075
3.1952390097034784,0.13723106269564847,1.5417697896162006,0.8599235886973896,0.5923448031540083,4.828962054981995
3.6318692144655356,0.14397038868936085,1.5493517432113375,0.7982311350669679,0.5937198421147748,4.76300430502419
3.734291894588455,0.1517039507254112,1.4707838576107224,0.9917811140479809,0.7707571392896246,5.078510073295838
3.0548904251357274,0.1343923411873348,1.342438986099184,0.8642418806159969,0.5558570972391768,5.014778719524736
3.9622553862621657,0.12838425595494943,1.5648043260297215,0.8329494891811448,0.5493970512761692,4.887400342613081
3.676526826498567,0.11094985159604535,1.5880875623625015,0.7787727452638362,0.5913943304657828,3.96766302672995
3.873137466536946,0.13542080431148176,1.365787308246146,0.941564473385115,0.5712838487645171,4.4308591283436485
3.2165077167673575,0.1343315476181256,1.5483083677713048,0.7495076314838913,0.5028691955292842,5.1033761629454935
3.161861043485568,0.14801905481499447,1.5416744070962078,0.903388963860897,0.6164854454723486,4.726515432517567
3.0830578134206177,0.1301125242158159,1.473234018357011,0.8019003325537712,0.5872587357367355,4.7399161237077365
3.1879920754108957,0.1372135929287836,1.416264022741457,0.7915676738714995,0.5220465309821991,4.379409564211941
3.2709488208790543,0.14741322017224248,1.3302748706348744,0.7435321147941668,0.5969915499880833,5.0287271904415975
3.6742436050322627,0.14236932166711377,1.5170968090951704,0.6923732712765728,0.5600663828110708,4.690692846450218
3.156560776826337,0.14437952428322715,1.4969620390572191,0.780102743653128,0.5624256056218947,4.78219506274498
3.7257987791837763,0.13177122286727516,1.3355457694753519,0.8811598581661468,0.7079826532458405,4.628808837258471
3.334343594920619,0.1404454306410969,1.789283198638446,0.7437327512452082,0.49769321296877733,5.245938093665246
3.162700931994021,0.15578175600859415,1.4886678446527024,1.1061756160662624,0.6435105943820809,4.50010179651268
3.4009927341835793,0.13112389115894021,1.543070981835079,0.7812198190390174,0.5902953659039175,5.072856789421223
3.2831817691163945,0.11564463211900822,1.2001219949289552,0.6967716366158084,0.6071221615998705,5.377931337581907
3.9768282049380153,0.14136634391926736,1.449905176391371,0.9323540795639219,0.5350078260032656,4.733892129125017
3.8341897945622407,0.1274038122446214,1.4903931585901806,0.9288937813411978,0.5220736570533264,4.698468758805112
3.3790804089711752,0.11874909346377152,1.5987214318993441,1.0006546421236013,0.633556192558252,4.834146148947422
3.4180998906266975,0.12873047512317065,1.5681572424634262,0.7903545833733,0.5877145355950211,4.952329961995265
3.2974233156246826,0.14067644374260693,1.5972871284357975,0.8566860496953373,0.6148012606948704,4.440198210698119
4.048989019445448,0.14882102461311214,1.4296259654951833,0.8828918301537187,0.6182053250883395,4.356081814703523
3.544175691418517,0.11433528009707195,1.565829631936173,0.7605422389447664,0.5119918944930817,4.901221300164734
3.7215061548094948,0.13467515494303317,1.4236260048138667,0.9917759158578496,0.5866367734905578,4.242864251754305
3.371085274576135,0.1385709411584758,1.5240072004385385,0.7370460570815414,0.5357095228618252,4.577285830441797
2.9375521877144637,0.15332530611539544,1.3404212849820583,0.8376006929231874,0.46214824334898197,4.820669760996828
3.65064492003602,0.12488037094773666,1.5899181781317897,0.8012048730908279,0.6415309847493859,5.2989372430436665
3.2756073662089995,0.126627832812748,1.24100848088292,0.9235939613037297,0.5665720083840289,4.692817479168478
3.3525184356216022,0.12006524613173954,1.559500776748996,0.7605782952896122,0.5886596430986545,4.609345735785612
2.912291352386959,0.12645395171838594,1.5498995455565467,0.7655753599411459,0.5620260927061994,5.310973931033802
3.526946100070158,0.16705877100388022,1.385792389422717,0.7952990520730895,0.527361196054924,5.179132549966551
3.647298819857452,0.1274346556778983,1.3578834393365704,0.8014474828589943,0.6401154849459639,5.313209162958007
3.6439280665649383,0.12632678844610956,1.5336042493392685,0.8216263623912596,0.6065305316952241,4.3399071056294485
3.1354586565870632,0.13629118178685898,1.380158265489474,0.8202264931636203,0.5732582193123632,4.827016798588021
3.629809126060968,0.1451330248485565,1.592971776697797,0.8257540935965205,0.5861551387486077,4.789820673725657
3.733603085943189,0.13772480498372566,1.5275310773320883,0.7862577113205516,0.5950103207821726,5.307534129643081
2.901510544326771,0.14508445069897502,1.4744519615628222,0.7922745823825876,0.5940542034364406,4.697805273053251
3.369172977647689,0.13885019556141856,1.3635498575646672,0.7393908854981421,0.5259604210433922,5.196171138311739
3.690467072449684,0.14510736277737288,1.5677772673569816,0.986855099021622,0.6936503649055418,4.8258658328357225
3.5059219544151867,0.142171359201967,1.256435204815636,0.9585282759956324,0.49654133680848556,4.387806001600145
3.0648579032204686,0.1393284104259166,1.7388454217343863,0.7255941751227712,0.560954206010725,4.659462764862723
3.4360747678492314,0.13040208224192987,1.3701149518211604,0.9088497494659235,0.6218839723923447,3.8884958017503877
2.9254783098480672,0.17208369214467528,1.5384902222267531,0.7027523539229243,0.6471259070425905,4.59317263754106
3.5512762016821675,0.1427167115103893,1.6352111217363625,0.9879556973888051,0.6280931695945682,4.1137484813386935
3.4031607533817128,0.13644543897980574,1.2043710097609532,0.9730700243215792,0.5210851870029422,4.733091719459512
3.793188664319464,0.13662818834537402,1.5848870319208554,0.9172260147990744,0.4694293804460232,5.582852604904373
3.5540830954492426,0.1274945479102804,1.4703682289372342,0.8441045351022611,0.5559312094642207,5.1507133198461394
3.1067081367942637,0.12326653109079351,1.2700204287740706,0.8451780172750666,0.6181411498346641,4.851483409049079
3.8703346584716063,0.13315528079058753,1.4590069561631458,0.9144622066761948,0.45756380049239015,4.92837761915659
3.453472911570554,0.12661946908552055,1.4726424831929061,0.7754535682014332,0.6612334310819296,5.215190541852216
3.8903291593796516,0.14672914541225526,1.4180634653930908,0.9523075638077494,0.7101039965198739,4.3001346206246644
3.264158395953705,0.15637664469091397,1.4487937946155196,0.9201040252727248,0.6778894307832491,4.510320785811813
3.9030097854519967,0.13618445523026318,1.4256329009877033,1.0226665509363038,0.6993392896013739,4.720024242377949
3.2830737796130816,0.1362493245388729,1.3926465117665683,0.6902309720823305,0.6202873924827421,4.409784100938347
3.5439026968993854,0.12660865368269664,1.584318646984728,0.9814269921522392,0.6599883261382441,5.064867988533759
3.4359973412939957,0.12575271330672874,1.318493670391336,0.7965133647211544,0.5418769421782909,4.882481535431822
3.5693901324120034,0.145435898528554,1.5243405895475493,0.8446183012870672,0.5999926995747571,4.7853780698971065
3.40545671898949,0.12302986140874315,1.4553815288457228,0.7725798387664167,0.5906399524182488,4.84980698617443
3.526146173722674,0.15090130159438106,1.3927659406580244,0.7657591910216262,0.5366657098732293,5.080831953135985
3.5493089122013046,0.13768628332829774,1.4823417891007746,0.9597793635745364,0.582119349114843,4.831988096630819
2.8954785652063744,0.1422486687730546,1.324553061500871,0.8503063397103537,0.4868061842292595,4.644247701631122
3.1593674673553083,0.1354752526090971,1.8864868262066417,0.7568396796465234,0.5779591188701715,4.789414535542134
4.0568956796518,0.1520033417672232,1.6566489218870468,0.8122654463345602,0.5881024283401249,4.5466237742246
2.8545599304724387,0.12263587653947086,1.327892283714519,0.9485768693276616,0.5276433742939001,4.877269276171541
3.370615161362304,0.12830089370825218,1.66435539731811,0.7892369752697249,0.6557341942781323,4.447604152989209
3.555700368665838,0.15630762032039708,1.3601575078215926,0.9152529976398562,0.6364228085042068,4.107628041485015
3.600785360559644,0.15453630683803105,1.3757491677256495,0.8249517358514286,0.4973506562490934,4.746038951642857
3.3332019142698,0.17075765801803597,1.4363617783696758,0.9157364914718538,0.6422204052458549,4.722640932034561
3.7636560529207803,0.13332698405032098,1.4595434069049802,0.9011725255634347,0.6593043473965017,4.6927511663338155
3.2161434324258895,0.13604077245056603,1.2854332306265415,0.9781563584143932,0.5585612933235093,5.044315498622953
3.2403247607248935,0.1603049828156937,1.5452230344434474,0.8558477239764192,0.5853899673522742,4.7011424941313305
3.2146000167194275,0.12822285934784433,1.2663209322632265,0.8087059700887952,0.5499289652539915,4.377942516981584
3.8590716633770143,0.12823600039183292,1.4417921280883161,0.7735811438677851,0.578026184052914,4.529518672473597
3.254204038557018,0.15929782122200145,1.3899018250979682,0.762759130552963,0.6126435783508373,5.187289057850418
4.031080703213796,0.16150013597974644,1.4946099141240559,0.8191687355489934,0.5134853641411876,4.702738216983591
4.223362435586204,0.11975273822581055,1.242842075472669,1.000431781750141,0.469897128113225,5.151866177879213
3.727966719917911,0.1178650734834587,1.5918634264331053,0.9604722340721931,0.560053751953077,5.459113222624114
3.30536776131101,0.12766337235761066,1.269531875301276,0.8689981271301684,0.5448175976974913,5.063514470258437
3.5401233714427263,0.12430130047050952,1.4590338481493754,0.9326497769148181,0.6075418418719383,5.0697286500670575
3.222154404658559,0.14425559455368261,1.4402966444565382,0.8150134854847474,0.5033822374843561,4.358804412754872
3.6298714552007993,0.13104867301995093,1.7195174946902274,0.7888898859388012,0.6329033063665813,4.348000631286468
2.7978467577710626,0.12667567658653237,1.501095037853007,0.7084301330766782,0.6463198434847479,5.004027275862111
3.2764522416196544,0.12564712494893632,1.4364522069352033,0.8905954714187586,0.6402233171856532,5.3722803429930215
3.4675202949125463,0.12521866633510725,1.4510761231928944,0.8135802946521833,0.5685717042150132,5.267503193876945
3.200027922596834,0.11191997882302138,1.359628649255613,0.8208149894701237,0.568902065308189,4.8751092227175254
3.0487089773161724,0.12936239680991685,1.383097843726525,0.8621697777394313,0.6732359931659277,4.877644054446509
3.382219554136433,0.15188779480043332,1.464521857146575,1.0661972815865368,0.5973845994813783,4.644755050298383
3.217809289221143,0.16622341310897548,1.1744982707966551,0.891556684552785,0.5150292821685949,4.856999258905401
3.518567755488367,0.14721339053600307,1.6765487147187386,0.9427096461299007,0.6366551687621399,5.0391426560138965
3.3524868778319505,0.11909812585620407,1.8240516682014425,0.9709187787804894,0.628271310769067,4.552119578814463
3.8090994907654796,0.14241000783664964,1.4378217528467485,0.923734116548819,0.5921238213970597,4.394380656916234
3.463066862554633,0.1384520999747368,1.439040946256571,0.7378987338338442,0.4836515804093333,4.366381182638243
3.504680418111739,0.12742725603007193,1.493321975179116,0.9153502099302496,0.6112094799904477,5.082681157999462
3.8086848233874253,0.11377879153098135,1.5156888123199261,0.7807892877608618,0.553898649971189,3.9448913403037786
3.8511739434225296,0.159450790422175,1.3654370063122871,0.9702923217256356,0.5719882981903087,5.7350990555365025
3.5371310976984476,0.1194512458321993,1.3025578844097299,0.8342859029927002,0.6043280612537254,4.517832198721598
3.567763159561974,0.14666659936037107,1.6364583541447584,0.7568620481972377,0.5535397664704335,5.189190333628426
3.5744542342814194,0.11963384433579914,1.2102078041986892,0.7908088831086528,0.5596939841485824,5.469830532366547
4.2670404298455695,0.13487363246448988,1.4456472726302998,0.807232720071137,0.5928809066765233,5.014140227313757
3.8688051269111146,0.11564002446943689,1.4419176152744524,0.7377990796161401,0.7212769832148862,4.750812735082745
3.520973379453387,0.1585381543425112,1.2761720517786883,0.8244216326269587,0.5790823222246868,4.764508934824861
3.555949564026965,0.16145796445453914,1.29593167415434,0.8647866994937576,0.5008802491008809,4.573892244304133
3.445235218168765,0.14985861395377426,1.5301391964505349,1.0107012612829394,0.6228300440653003,4.911828904419681
2.991754564570259,0.12464059997706445,1.372386696947482,0.7255991506189654,0.5400459860708255,4.946821195916636
3.5920829901318796,0.12901778718666893,1.4157489493487425,0.9249086874355281,0.5775095251105306,5.512229851982481
3.2235613069755154,0.13965551198776066,1.6569375454071733,0.9183073532057153,0.5518224364136983,4.149027172029799
3.3299489445115484,0.14986311028152605,1.4140381006667269,0.8695314991108785,0.5673476538133629,4.1901486753365
3.602222405155945,0.1431287643496646,1.5636365452284988,0.8329785642861064,0.6476485462056891,4.929415008163585
3.3708242573474694,0.1510847261845114,1.373384103445577,0.7381013073151466,0.5932702866434613,4.990851157569502
3.5309832453139953,0.13717207451930322,1.598691801049279,0.8565346914831448,0.4661040950438394,4.329869378898674
3.5510667276415337,0.12028755582399979,1.5446628998958192,0.8088597832937127,0.6134418190386467,4.38575380128229
3.411960002932335,0.14281700824402063,1.158049452408105,0.7884590316598543,0.6278609288193153,4.680813084965581
3.1752179631310766,0.15088229312942733,1.3210864086588199,0.8586538949045411,0.5208767339539823,4.798583977635721
3.5690594891587235,0.13451584378905776,1.493674258731085,0.9426865326616651,0.47465766017032923,4.700731507741913
3.659871055052798,0.15021432238979496,1.3437385740232564,0.8510515941370903,0.5395757790761925,4.709877811057361
3.327880166223801,0.12858852620201214,1.3102802864620242,0.9281475751345619,0.6440527506082337,4.527315510619654
3.2442830745689144,0.14345437223827345,1.371592070168543,0.7367416189158102,0.6358400250832115,4.634894372150565
3.3216394398554185,0.1482979869131811,1.2756462848504146,0.9275783415001501,0.6253160502680336,4.522442563167881
3.2590295748757874,0.1450430138261626,1.4472396402383596,0.9342201893137476,0.5391669863139321,4.796789249902769
3.0949970462923524,0.14088525983887912,1.436857584189811,0.8146175835848863,0.5573599653818035,4.815196406131855
3.672351056037444,0.1308253486270248,1.2999123506378434,0.7966959571607221,0.6470753467527733,5.401987691174556
3.342229831566883,0.14035969614668053,1.4221082809005439,0.8519090060800512,0.5753819559785038,4.824962766787163
3.782258945492383,0.12595864341566407,1.6228057988937379,0.9247352090556232,0.5233903527894612,4.899166957867295
3.5558272297694375,0.14249895410896074,1.6386863163521836,0.9239663172778864,0.45519270308192766,4.607408532432239
3.9738906868760835,0.11716588421788922,1.5615201103159342,0.9533053071041743,0.5922442423383286,4.579676284973753
3.6625767553021906,0.13671298258384654,1.1723886485415327,0.7976451528761022,0.6487144326914754,4.644086127698098
3.996361279441715,0.13501315140914136,1.2548312290949148,0.7885087529747169,0.559650710988468,5.270482715126466
3.660621992089685,0.13122557096357107,1.557973036514868,0.9779992215326242,0.5271648860106339,4.681856272368104
3.5669217656397025,0.13301553318331102,1.4188518988152536,0.8499187794134618,0.5463479199856008,5.365195243414993
3.170046940059303,0.18600182656514688,1.3906046563738481,0.7744708919317966,0.6036470107705743,4.90522031314809
3.0810250426922297,0.13374588232760712,1.4447697399722674,0.8231090375550104,0.7036000343293151,4.965342463919225
3.8436262824653347,0.14736728416472758,1.379136467274832,0.8066229654110989,0.6205741496923384,5.549614650483539
3.9073345779903903,0.13361661957827112,1.4359250015858984,0.8591240156407314,0.6140874765775491,4.759251273117597
3.400657505962354,0.1579126960383197,1.4112454943405914,0.9441880332509891,0.5433341730083464,5.3908229188957195
3.935021475217862,0.1416127783263741,1.358904555705731,0.7675864789020959,0.5615037102750023,4.882194291942114
3.4669392294453822,0.15298664358252692,1.434567191142158,1.070321504914449,0.513733413492562,4.59222877441343
3.6100847768743054,0.14565215188656735,1.4384185697603413,0.8817016290937988,0.5798916916312079,4.268264691880613
3.4631581078026215,0.1407569082965012,1.3970567263910094,0.9104361431052528,0.5242082721775845,4.575593312096109
3.1335758119986954,0.1287548825190766,1.4379828416485274,0.9127001083422424,0.5811555144266669,5.489687264045475
3.8011209354082913,0.1328951351501139,1.5350495118604899,0.8636564152266908,0.6533632992665677,4.625153817606613
3.7660952479554908,0.15009014765204684,1.6380573049211482,0.8276487690224905,0.5868515146949358,4.827188313635971
3.420698203356473,0.1153735680221331,1.4721422469531533,0.8011305056782787,0.6058600642357618,4.861621235767819
3.4871187669495183,0.12009595990073627,1.3735217915700895,0.7902915235466621,0.5479902244464238,5.048449873244554
3.7028875000293557,0.13807708920820236,1.3167055859281669,0.9185166305841321,0.5883441312178652,4.694907292445243
3.0364467743674917,0.13739756632149633,1.3356758850728263,0.8270567440680742,0.5387116327993888,5.009850731967112
2.915193334875613,0.16279389420759682,1.5066813145211249,0.7138340767210677,0.54223837216902,4.496555038505891
3.132373836322284,0.11925005487285827,1.399284523330378,0.7143025633609923,0.5080990056349274,4.999434825404255
3.580119812007425,0.13692277103410302,1.415047182335007,0.8921798559524652,0.5482099981275979,5.040594885650792
3.8442731292751846,0.15143801464116938,1.4080553642383644,0.8444591930931917,0.5858683577208166,4.637696699668249
3.628634149268952,0.1294554572798533,1.2238214253108681,0.932476415269963,0.58213566128193,4.851241928143742
3.130630853861871,0.14619448496268136,1.407115031587014,0.8422962820820732,0.5773351898884749,4.843974683494207
3.3209330117836724,0.1522648715776778,1.4333790189269058,0.6922645828200309,0.6180239727039052,4.919856853491566
3.3359991232306867,0.13259553959920506,1.5707425235787775,0.7544946178575946,0.581907791505346,4.87897071936563
3.3822571573158173,0.12492181038083387,1.398742564694484,0.851092406860007,0.4534931216381877,5.295211322645259
3.31037822277407,0.14854817438520385,1.4512771864394172,0.8715702101470915,0.5197916361400374,5.156393245830244
3.580551692526735,0.1452583487151001,1.5189104416392778,0.8287759128569598,0.5904367517465531,5.487305972462688
3.7566038500984624,0.10359934267606107,1.1073302133252092,0.7561239203893687,0.5611800899540975,4.720072461622906
3.117488787291995,0.12365244213699943,1.6047977315850455,0.8223505723030123,0.6241797928216697,4.953595665060399
3.7924080061877135,0.14071228362212934,1.2789549091837502,0.8472351045307199,0.6799912967797215,4.967158431814305
3.1612469174738154,0.13337044177402288,1.4199179862834705,0.8135832591356146,0.5395219078498251,5.138077358426076
3.5819155446255833,0.1399687485263031,1.2965029831727914,0.8777889650860788,0.5606286895856399,4.796734491621668
3.9049649695231814,0.1565572303098945,1.4902680432876214,0.8055290336665761,0.5361712546662183,4.866435302051275
3.631939432738926,0.12194808121492778,1.7433915229089652,1.0238289437406387,0.6193070369597156,5.124414700159804
3.602552878889655,0.14479069823714327,1.2795583483893957,0.9064077690014978,0.5464228923125538,4.814656090782362
3.393414089509539,0.14410934889081156,1.416339845875803,0.8115882569260323,0.5889383062425299,4.968580968526632
3.440705236729931,0.1474148472770447,1.3998943058613385,0.7056546281748715,0.5973248731689185,4.417741730632854
3.597197841155361,0.13282728361802987,1.3291641497491764,0.8049186539831796,0.58613978971019,5.04143837824258
3.684545349919118,0.17193304761393466,1.2839226890034638,0.8509467297962507,0.6012334436723422,5.397910520008223
4.0708926845924545,0.15083249889923953,1.6533183017574344,0.8201054126099763,0.5408335976380659,4.931939479304242
3.5032706041528563,0.13100393875757962,1.5912140219121262,0.8183979186398304,0.5672338198484447,5.2683473809075
3.6994113042340437,0.13618750082858017,1.3602853229796281,0.8616418485866035,0.5643972895342768,5.328061003726181
3.731833156957195,0.13194020874106221,1.5201117265154964,0.9293993729672809,0.5749099896964541,5.25356973213528
3.3356958685776554,0.12086882986459391,1.4552264477898973,0.7837869696390478,0.604904425811544,4.635076219387833
3.372141520127974,0.15340504685968176,1.2022336118328056,0.7171681002791462,0.5952974922716033,4.7283950703300714
2.8987927198116465,0.13783582861222676,1.4485621380788498,0.8304066067786957,0.5806878617345427,4.949382837102761
3.363093408470473,0.15063920367057893,1.3478760475579854,0.933359797804581,0.5532003742683501,4.917669115546374
3.649665493437489,0.1509735555825121,1.6479398306487516,0.7934104331491613,0.5850771524510897,4.979489176490196
3.564505499764019,0.14066745440382297,1.3384130249974069,0.7669969678341377,0.6325879016942562,4.772006668519844
3.803804986211555,0.13113024275019627,1.3198949967011189,0.9355139870574462,0.6073424461608096,4.351613934010954
3.016056426937511,0.14161950805439916,1.6562187467746174,0.8538500530538848,0.5483845820408155,4.793763880016278
3.061543651924387,0.1442869647161171,1.4287141978035147,0.9391696758799996,0.499228905843096,5.271196479941337
3.014373796843836,0.11370236508742369,1.3832661735350003,0.7618092652684347,0.6165393004753533,5.39029161686214
3.5353995696668283,0.14739100113205109,1.5053115882442314,1.0622888384214817,0.449584216867339,4.487517006975804
2.910304943593915,0.1735134995391793,1.591826379971066,0.9301204623154967,0.5810030496680035,4.897292990264062
3.7177276919950497,0.13575455478814055,1.2579405789476876,0.8297820269974001,0.5080493808460482,5.622176959948047
2.7647974591965423,0.1670656868505893,1.5663067503083472,0.754721363746278,0.509957466409948,4.611334832059888
3.4410273168901893,0.14353940542215496,1.7248952918439864,0.7150092670451929,0.6583202198644228,5.18394966328063
3.3365770852367853,0.13046038841963623,1.3388070322144023,0.7934144492099298,0.7134983136873081,5.258936482123938
2.9120001336439785,0.12986099138638002,1.3223683156338424,0.6748275472916689,0.5842233044906822,4.869278729712951
3.825762830008015,0.13701965843005745,1.6099215695759572,0.7863931304497557,0.6433096060968736,5.032873042729498
4.132443872611145,0.16490732438397523,1.5608231286351295,0.8596263523017174,0.5698482663700526,5.454191445044899
3.1641300073721395,0.1344800708572732,1.3925428020566823,0.87505312051857,0.5420049112926356,5.106106015803608
3.6896449306386194,0.13207276553145061,1.2650840476205067,1.1510278212219685,0.4877093205831814,5.268949458693323
3.5248633977084567,0.14537871945674277,1.3796698853669167,0.8493726063183544,0.5846542652602162,4.6305612979962145
3.130607622278332,0.17881154441559252,1.4606357372455907,0.8012867417746005,0.532459977572286,5.245067125038779
3.76080679873342,0.15285206643435412,1.4747186750314212,0.7555407466510564,0.6997538137862088,4.482148294833582
3.636060418444098,0.1512651994953025,1.5929866435009135,0.7404778556429303,0.5907780361204047,4.024800748179685
3.523540847306367,0.14806507709035224,1.5348091741711918,0.6536668539284001,0.6290422467719644,4.761292335522598
3.1986405953192336,0.14133975344076796,1.347359216003964,0.8134828117906335,0.5714503936200808,4.797695018463795
3.1560916141563093,0.15812419586188198,1.4095383400997448,0.8374010746245376,0.6309157421008675,4.532154722287042
3.688635148381671,0.14292323730008216,1.5528866565336434,0.6405480488528142,0.521771161065016,4.872599066594215
3.909197441159663,0.13296799677102136,1.5679361545822004,0.8876048338304993,0.6706479488672213,4.5983893742416715
3.302736390191374,0.12931179363049258,1.2291896645791396,0.8306713818803719,0.5971292753780493,5.037255000135112
3.4389072945409462,0.11677435306665164,1.2277426538797578,0.8030251351463459,0.5227464611608672,5.084883560462502
4.002415275898684,0.12716493802377574,1.3578944326802178,0.856620015628041,0.5771062521587622,4.875356724811275
3.7023864875785577,0.12940344328441958,1.323401774719097,0.8015591007932051,0.5430533766507807,5.252159302687865
3.478163293375979,0.1586865657925748,1.3322550642361772,0.6975643475343611,0.5161169096490623,4.842958009337852
4.019477411884693,0.11909628525864317,1.520356157501941,0.7894473565109325,0.5544790512412274,4.996106712446264
3.3803908009942747,0.14138888309214132,1.4550445093759632,0.8078070967688926,0.5517745709627858,5.1748680897353285
3.2593287805497706,0.15057281853990398,1.1899177091249502,0.8108880723516916,0.6061273612233636,4.881087944004513
3.3113705157984166,0.15163547738141347,1.5607643699614213,0.7879476779628909,0.657029330609789,5.382863698006346
3.46752669940751,0.124508591250915,1.44682848427271,0.864326820891704,0.6255383850127452,5.2218194306187335
3.3974886675294327,0.14351238301977942,1.6947719223176612,0.813681671207657,0.6350792280514034,4.484892865745398
3.204169911060431,0.13656250352934632,1.4743936821611665,0.8851990972129067,0.5642590359525842,4.645948294262194
2.959785746678162,0.12488064539870376,1.392848901160693,0.9257134889874917,0.6565276272855497,5.388413600741367
3.5044368452580823,0.14166842023548729,1.2218806688534836,0.7048657070309816,0.6529136369915234,4.844418555375194
3.5616735936598185,0.13327370517096054,1.584081091031189,0.7321352895647317,0.5689267747162963,4.5993375441876045
3.6952362316842833,0.12278331191360219,1.493456212650965,0.8123360865446986,0.5021695138501217,5.218674419396955
3.391209371670462,0.14683067298803879,1.6139966120566236,0.8451929261669087,0.5576922312771947,4.847226638302645
3.4514486663815123,0.11072811994123456,1.399663532134608,0.7988162296671744,0.7013102958411049,5.155748945746606
3.2726051600122585,0.14366134185058085,1.4738441078349949,0.9805232939896573,0.5304037173263246,5.637530019545652
3.2328241436466953,0.13148526724014542,1.4149729041596726,0.8635446547590616,0.606546261271828,4.559717178235845
3.570141264958063,0.16368210317015966,1.4267396442649574,0.946031682906758,0.5316445916562632,4.277672512907878
3.3958641524132975,0.14058040663089322,1.5213362712851624,0.8224338643825228,0.6021532427882715,5.08763057540201
3.858396030133754,0.14423176471712776,1.257499902974922,0.8913292373188706,0.5250882124645793,4.435211720232554
3.5749774423667073,0.14666323618396926,1.5042621555330793,0.8170637931803557,0.6572548140305039,5.010643580798989
3.4407721411204557,0.13304625014779298,1.3398808634549964,0.79731001320832,0.5118257815133647,4.717967103103195
3.319430727830639,0.1296908549975612,1.6286550576204961,0.8986146400320957,0.5640071833909623,5.537935056593742
3.331326016766485,0.1209820028827342,1.3661619164651018,0.8220618424404746,0.6100948354593592,4.7571440386132595
4.0205880634414415,0.11995219069946464,1.3932346082643379,1.1414983095326854,0.6734678024873314,4.703190640005477
3.0587383718398677,0.14425729682350785,1.3625763934507709,0.8442323149655858,0.593212486184924,5.03686752723133
2.8933856714061115,0.14194366846525305,1.4212121204307804,0.8567331386692856,0.5958069957190909,5.162280492789259
3.38382382938042,0.14062556536265558,1.4421926645116434,0.8154601408660241,0.6086644441683294,5.0109273813396245
3.3309197322697996,0.11639935989249299,1.4678895998620745,0.808771156120414,0.5603440637614157,5.845964881207346
3.33713466997629,0.15513200798035703,1.3195130819832683,0.7211301615572548,0.590255731828174,4.9361064987390835
3.1272876113579833,0.16835213655405054,1.427609491578223,0.849371850027509,0.5309025973044827,4.937856994482067
3.5563984237521797,0.11600425725943878,1.5041679209777274,0.8663010343924639,0.5478922715862891,5.516647710017496
3.697577475981852,0.11479452549170184,1.5467634991794363,0.7994790797703119,0.666365503830878,4.886326755829759
3.8684977788743913,0.14061050400144728,1.526233207881314,0.9961764757915889,0.5696281791011342,4.869561805582001
3.249665987813184,0.12477749052425204,1.2682822273491872,0.969607677106638,0.7602784270776256,5.258755536970806
3.735015891471269,0.13337503513067817,1.3503127634923284,0.8208234226139154,0.4539581680436644,4.894544555575423
3.8040844068887387,0.12880713163349714,1.3364569577929084,0.7575551677895264,0.5506615955266208,4.760350005145191
3.1179392390882157,0.13266260890007506,1.6817554920211117,0.7905387504736261,0.5497718725325376,4.67020643232202
3.819804004362009,0.12238715461756267,1.553681505726067,0.8261547052209172,0.45744306530669715,4.579582734820235
3.484025198918027,0.1201535491665714,1.3376740707979928,0.796597885580737,0.5951499852263472,4.56658375944807
3.271878238058991,0.15558697855194692,1.5523986718194305,0.9116623809598821,0.5055030692407912,4.2888472203663115
3.262825883039915,0.1480905943152651,1.7724966242006792,0.8887764478098575,0.6501511410653312,4.343553378460058
3.1981691497163474,0.12590519776398532,1.8834251989404487,0.8999924053870502,0.5212208875204536,4.713864967175271
3.359475025930379,0.15194864200158892,1.5312455150282864,0.978737794545593,0.572300675599502,4.757121262894246
3.819645509237068,0.12043094017470783,1.4653848506341276,0.7531872830780276,0.6908848380499932,4.623748983301269
3.2264189249067776,0.13955409235793112,1.560111017205996,1.00016596683923,0.5150693231759031,5.007639480515866
3.357088779051291,0.12949757700183673,1.5200324384371662,1.0327254282762066,0.5839717986191436,5.3586215409419315
4.079820443761413,0.11930652349895618,1.195732711111938,0.9574835852628257,0.4700017383178201,4.669434781673557
3.758348411125686,0.12767995431824314,1.61485428399771,0.9021506654861176,0.6136333299909824,4.900457660530476
3.2257393839733473,0.12337643006387627,1.4852713547381875,0.8285037971172006,0.6295449483191731,5.111541001667292
3.626559595576122,0.1537231366513971,1.1512750595828762,0.8752684841172199,0.5461166845594112,4.489043441426051
3.31059091759285,0.15629665819099905,1.60966986373691,1.0169151343127831,0.5349032441155829,4.2723816071926635
3.6028773448730265,0.1579394210685244,1.4997343367062124,0.8772443730569451,0.6304275366000739,4.644801154838047
3.4184310396592914,0.15210952807020428,1.7870409113466834,0.9030643545223784,0.5511448453008694,4.615219018601905
3.1052653801916175,0.1456103989394112,1.4397896181503478,0.915922839636556,0.5861177635030281,4.653345210087821
3.126620457248821,0.16984844357622456,1.6719022196047029,0.8908997902445764,0.6086428593872864,5.107555514414783
3.4763132836951796,0.15402251535153244,1.478064388612859,0.7847417026555351,0.576825583861473,4.782325206798471
3.3449349466207674,0.13588702037896874,1.506406841924768,0.947355296784003,0.5213823652068243,4.210936306610844
3.2849573958235245,0.11660330872443772,1.4359525153531885,0.8053513730639013,0.6853641914060035,5.452167450020226
4.21778179883085,0.13213632944322834,1.2319481074908611,0.9704083903674823,0.6120557517140165,5.036734863443957
3.4325389470440966,0.129245236259748,1.3984423246563855,0.8038406674786979,0.5332425953086061,4.864271912885432
3.2814103330808124,0.14543716087105388,1.615543228576172,0.8334829046599747,0.5953382527928014,5.261841724952971
3.5993754368394466,0.1303075842577518,1.4003620440073146,0.931217045281771,0.5735593304535825,4.633056506443664
3.338388631203572,0.12173944751160927,1.4287010983345534,0.7049034795034317,0.5029065289648442,4.556944617379579
3.200774581122529,0.11527811258440677,1.4152519050748666,0.7996325651991196,0.572328757097168,4.542811888571964
4.362796329666886,0.11456871662666991,1.4437181841826061,0.9224408718043744,0.5793237228227187,4.481237071218005
3.073631763101827,0.15357192075344073,1.3860285460973205,0.8030326724953561,0.5929598629822264,5.31808996527119
3.557792937996737,0.14498043163719423,1.4653121441330346,0.9490823356429157,0.5504129024626399,4.7752817437708
3.5099885083192492,0.14023796806895494,1.408488938398336,0.9010422346958388,0.5354930196164341,5.451761724388974
3.1918976922007403,0.1408049963817666,1.5167441802549575,0.8500891743864967,0.5212787968938084,5.162942515607184
3.37413514417914,0.13104798208283022,1.3424154905348444,0.8430771221318719,0.659921048387642,4.455435657055371
3.6837832805926776,0.11519466219753055,1.5230722987515284,0.8919265587103565,0.5991822030987559,4.968653099360376
3.247859953635511,0.12950568382998928,1.5539322283154806,0.825262567508981,0.6441899067137562,4.960888253498221
3.285205212778728,0.1519203207255766,1.3035609978753293,0.7752360172431002,0.6396874306148342,5.38956209263041
3.6512075125390457,0.1522495139993146,1.3559534478767676,0.964139179647053,0.5919886330748645,4.954164914082255
2.820308509611238,0.1334874357455622,1.5597547058866936,0.7699837898814224,0.5134074833601306,5.207324086864736
3.6051485508789467,0.13461929946237294,1.2736585581942745,1.0740257770422026,0.5943977474928896,4.678753055965354
3.2593077101342787,0.12752486708343685,1.3740940887643578,0.9519969344229328,0.5849052704141161,5.29361306889826
3.863547018240013,0.14291374289557796,1.5303640508352707,0.8340673631058161,0.540841781295792,4.619670737236101
3.1366905797715785,0.17868721924705752,1.6897636716333075,0.7366998272311229,0.6076028710915806,5.8238887943797355
3.340324736825726,0.1395007326684433,1.5681930557370443,0.8123511684816823,0.4904420970014522,4.4127017919828715
3.4269559119695687,0.13461964560816042,1.2757497340527277,0.7171713040157696,0.4574112344326495,4.532270062789724
3.890686575262517,0.13911743460078257,1.457314772500256,0.9684640027953254,0.654856585727746,4.919932440230542
3.4925383143156483,0.17424360562878338,1.1977914301620989,0.7505231078077921,0.603175290747474,5.1673741399042425
3.5662588767639445,0.14533664942160224,1.2743973730524987,0.8108248735855328,0.5441847011870206,4.816979536847652
3.276230360057668,0.1503627228513837,1.3156023077918777,0.8023678957490524,0.5676957425321678,4.6362414661682365
3.475584068042661,0.14824661096479888,1.5534826772776362,1.1381902291435724,0.5680813139974452,4.564723503312959
3.1508880013519747,0.15229039834999042,1.4916614926465468,0.9590476538000465,0.5593247967044471,4.21362302391493
3.321251471617083,0.11329910927051172,1.264121712692768,0.9855898473188993,0.5345291226326522,4.620896625348275
3.761333703743181,0.1111248065591235,1.2918102010102825,0.8204504369088322,0.49602333876888244,4.965048667242913
3.676004978623855,0.13367581849525098,1.4738733503263823,0.8420421879111814,0.466383942095885,4.765437147112101
4.100689471602517,0.1336160029965411,1.5760048804663371,0.8195753318742875,0.6792232762784082,5.012237660891021
3.727576928248692,0.12252281308570172,1.439671831625375,0.744897121554555,0.5302621953007344,4.518738469355634
3.39813731406028,0.11877511960766457,1.5907055281649423,0.8466664480899396,0.5286666066715713,4.895540629499439
3.2326864477144706,0.14072926962747204,1.5341680557197408,0.8822558693246407,0.679114748443783,4.607943813633686
3.8653631382863476,0.14936530867037368,1.4322429185081695,0.8687463841712112,0.5805550083273556,5.119192293295818
3.893864780737715,0.12213993043920161,1.5973894628908352,0.8611178663485143,0.5986476557571269,4.67556996793888
3.327368122879868,0.1502493284291138,1.8696310462590122,0.7711269741712242,0.5259990167656694,5.633377634326984
3.4354465597721635,0.12300755191848745,1.3263088552730535,0.7694335660609191,0.6744743410719175,5.701870235188545
3.736085181914133,0.13675423737156817,1.4352712082585837,0.9788932294405187,0.6033199125652206,4.260571422328965
3.1499051116221093,0.12919998301991922,1.4959019806835754,0.8343240995815765,0.5619854509473735,4.63263639871729
3.3187179657617176,0.1232321945829275,1.3176732014889267,0.887402602266335,0.6680847873968531,5.01855973109109
3.292446155588777,0.14450056726424093,1.4107455924352075,0.8859524464239898,0.6213498132984596,5.395133184458121
3.839342404330699,0.12865984329045677,1.3804977591128926,0.9940850702820996,0.5553680712590979,4.985769896879536
3.1998874983080703,0.13726855777909477,1.2312007003915015,0.7264349652519007,0.561485201366669,4.646504801055336
3.448239593913406,0.15138526593971544,1.642614014264169,1.0622284667643824,0.5614826897099447,4.5309717499718065
3.1981892855733314,0.14154654652178997,1.3161900293676128,0.8828934681115942,0.7029363218492853,4.874698892047122
3.7419799711776425,0.14775347905744501,1.3261997219317117,0.825268144458452,0.5838326883288314,4.58559215380588
3.5574386359137433,0.13627993543687314,1.822445159157916,0.8826727700402596,0.5122147612202916,5.034460715288553
3.0646536221037466,0.13427222978640285,1.5286993254909722,0.8742134179544969,0.5374024276785877,4.771086354928957
3.5861544037717956,0.1182796166062879,1.2413681003540493,0.9101237040511537,0.6270837735241269,4.632454468041334
3.452461406486691,0.12458430219829891,1.390329790814583,0.8435524499028048,0.5903175496833859,4.660621517360225
3.7312609933419787,0.12749681775822636,1.4497558455729103,0.9193926009640222,0.5968419912074675,4.453708813668419
3.180925851972172,0.14339936762818897,1.556200693322306,0.8025935544502136,0.5932679077762255,4.758121164007607
