Time,compound,mean,median,lower,upper
0.0,COD,228.14599999999749,228.14600000000002,228.14599999999996,228.14600000000002
0.25,COD,228.2799836533453,228.57878327526407,226.83566068050746,229.31978137872804
0.5,COD,231.11730760134574,231.3551150424151,229.8362681668843,231.90841031548848
0.75,COD,233.62504428424637,233.84993440844835,232.19277114992693,234.76769948080343
1.0,COD,235.04727403663563,235.27034024803453,233.58600096062514,236.1978697083362
1.25,COD,233.7567156852788,233.9401760191658,232.3210913317567,234.83202951381125
1.5,COD,230.45642130954715,230.5747832756827,229.03960128349837,231.48995949992093
1.75,COD,228.93505725797215,228.98636080976615,227.6219930000839,230.0059421505559
2.0,COD,231.00560006662317,231.0016446123603,229.91184467172167,231.99113539945017
2.25,COD,234.2366360578267,234.24784210064792,233.2603648689458,235.09283963300956
2.5,COD,237.98108140512437,237.98341076386353,237.13163318660182,238.75985536037197
2.75,COD,243.0063587385121,243.00140091141353,242.08950758063958,243.82807031128365
3.0,COD,247.64672787777675,247.6098583899862,246.5784310105177,248.61624090916078
3.25,COD,249.5160936351579,249.4967413351426,248.31266709275744,250.5975442499614
3.5,COD,249.33969454039706,249.34338463633603,248.1996926387992,250.3501660193526
3.75,COD,248.8215092096855,248.83040799101167,247.94097192488482,249.66589034380306
4.0,COD,250.41708509072504,250.41315261783774,249.51613351892718,251.26528121202506
4.25,COD,254.2792821704426,254.2888313784327,253.3844168140797,255.07488193340376
4.5,COD,258.64564809013115,258.638444438655,257.8207766861037,259.4057098066171
4.75,COD,259.9732660532474,259.9595890751468,259.18968838799066,260.6494722040958
5.0,COD,258.1731422510735,258.19628069850216,257.3290851217731,258.8931824554732
5.25,COD,256.97678276522424,256.9823107361052,256.2236024140118,257.6819072098453
5.5,COD,257.29198355054825,257.2799085987036,256.5096222522502,258.08762896831416
5.75,COD,256.99963915486705,257.00299069419555,255.93399371102595,258.0079539108178
6.0,COD,256.727790014069,256.7080885183924,255.63835554950035,257.8308757107971
6.25,COD,258.9828045515876,258.9119726064188,257.8901191437823,260.15008838013523
6.5,COD,262.7167052293303,262.6485512717734,261.7767099455556,263.8024951306465
6.75,COD,265.24997857292493,265.22000151560906,264.32626339685515,266.1679855386204
7.0,COD,265.4716202173757,265.48444810104445,264.51069364979196,266.3201131432329
7.25,COD,264.53790181349683,264.5363764815704,263.66870359674243,265.366350682042
7.5,COD,263.4951787206879,263.4343084778026,262.5999812096122,264.54221960175784
7.75,COD,262.61361209900576,262.56707780055325,261.3879452609588,263.8671466110797
8.0,COD,262.9472713795594,262.8794681364478,261.441205497344,264.3137345650763
8.25,COD,265.3260596075756,265.2566200270908,264.1799712165967,266.60531080773364
8.5,COD,266.7021008334601,266.6238763243198,265.66846301080625,267.9324500685156
8.75,COD,268.0954771078809,268.01408064602816,267.13621062314087,269.30856398027896
9.0,COD,268.4336814844292,268.35786987350554,267.5034220665413,269.6525881464708
9.25,COD,266.3191474330617,266.19429147499,265.2474193764636,267.7044836556594
9.5,COD,264.95134965003575,264.8787528670987,263.51843117447044,266.3123717617116
9.75,COD,266.5701792795114,266.4640517230091,264.97645515335284,268.00273705202505
10.0,COD,270.59834302608306,270.3965211414914,268.93772205829885,272.3702546676216
10.25,COD,274.76621919167565,274.5472765451403,273.22452396973745,276.50028462748315
10.5,COD,279.2086657791911,278.97878845042993,277.8449952460775,280.9301811710007
10.75,COD,284.2642837959645,284.0484095259136,283.10665728567227,285.9077571541284
11.0,COD,287.6415815638538,287.46638840078333,286.4588242313644,289.1287565050991
11.25,COD,287.9145379858979,287.7663126288761,286.73888285382486,289.34475815226745
11.5,COD,286.7380792081915,286.55280095410853,285.53943922707225,288.26596814005654
11.75,COD,285.6075256850511,285.4653437778063,284.1137534454654,287.2484758187785
12.0,COD,287.22794564015015,287.0636426376339,285.46058479435123,289.0053010834186
12.25,COD,289.1719841111615,288.95879243404806,287.5801959711774,291.00374963830683
12.5,COD,289.71309723858496,289.49545080828887,288.15664215587185,291.49243110473685
12.75,COD,288.99797968888254,288.782405143106,287.48655583315366,290.7289079892932
13.0,COD,285.38476262907574,285.2107182274823,283.86631669794605,287.0647586573467
13.25,COD,279.71190188150484,279.5726847337917,278.1681605742419,281.2740592125052
13.5,COD,275.8864719148173,275.7602087131386,274.3621059234873,277.39125138042425
13.75,COD,275.06869560372417,274.8991414298581,273.59403148485893,276.66072660680356
14.0,COD,273.1649537159055,273.01435293104,271.89788504856966,274.6371512485115
14.25,COD,272.4857212829307,272.3178888380586,271.3843630594572,273.90595948487396
14.5,COD,273.59899728595155,273.44955691603366,272.70965946688517,274.92238653590016
14.75,COD,273.7402955986524,273.6882950439434,272.7642787439698,274.82354687440204
15.0,COD,271.5768874449793,271.6062908241886,270.4935042826377,272.4872757524495
15.25,COD,268.4584223542361,268.4670388757023,267.51074041756806,269.31421444206416
15.5,COD,266.3067973413848,266.2680888598736,265.4779164178331,267.3258903772991
15.75,COD,264.9934972325181,264.8899622398278,264.18744001145046,266.139226889731
16.0,COD,265.5387213031514,265.4328571172532,264.7320107119198,266.66643939369305
16.25,COD,267.7171959030959,267.66613034313923,266.87792223845344,268.6590598164824
16.5,COD,267.62900529636516,267.6783321842057,266.56145912626533,268.4769310726242
16.75,COD,266.4800427931582,266.5057834860021,265.36122004626554,267.65336428286014
17.0,COD,265.4610500130188,265.45913005023374,264.29818211552293,266.8170163278123
17.25,COD,264.20851648814215,264.1524580006985,263.1016417364775,265.6281864802539
17.5,COD,262.7356977405079,262.68258566263785,261.68884080990944,264.0269727484519
17.75,COD,263.26189810854686,263.23997089870284,262.36724885035824,264.29070995391766
18.0,COD,265.567799318704,265.5634234241753,264.74660813592476,266.4890401959111
18.25,COD,268.0485417454586,268.0303055959952,267.1034644667907,269.09846424663226
18.5,COD,269.82819334402456,269.8140596092979,268.5082943718403,271.2546906765755
18.75,COD,268.4614808343529,268.4297672102814,266.7919116122218,270.37605475908725
19.0,COD,265.6203877600108,265.60032663985237,263.83864315168694,267.8098710440149
19.25,COD,263.109772500944,263.11308643293785,261.27578038480914,265.309601216506
19.5,COD,262.1268934637238,262.13330468876273,260.4236706101969,264.0686424789421
19.75,COD,263.02079801612115,263.0279131468159,261.5426909182307,264.6342860807595
20.0,COD,264.66569521023246,264.64807828505394,263.36117374840245,266.09337075109505
20.25,COD,267.0481460183194,267.0048662121758,265.8300040836539,268.4382052632316
20.5,COD,269.3814056769444,269.33263044540956,268.1365299699503,270.89152990756344
20.75,COD,269.7694742268396,269.7452830586091,268.3792675741179,271.46870827612156
21.0,COD,267.37768637904776,267.34158422183026,265.914937443752,269.23074963893646
21.25,COD,263.33580015318535,263.2840803917643,261.8802975077136,265.16645410005697
21.5,COD,260.1425773219425,260.0915923879363,258.8471439159328,261.706985702269
21.75,COD,258.25488450750856,258.22383473394234,257.1878667199915,259.4459403154411
22.0,COD,257.2253217690171,257.2083683125722,256.40537107438735,258.0823790309837
22.25,COD,257.2177976976065,257.20760739448406,256.5035818670001,257.89744204185195
22.5,COD,258.6100105051179,258.6144003663801,257.82194845658523,259.359396641893
22.75,COD,258.79563631051064,258.8181519687213,257.83298993828265,259.6738220814829
23.0,COD,256.10608652379824,256.0938630739373,255.0761450027029,257.1372383203515
23.25,COD,251.7739731354124,251.77428885490212,250.83320811135104,252.82767116628986
23.5,COD,247.1274711303836,247.138007970518,246.36872239364808,247.95767676527876
23.75,COD,244.1902118324617,244.1866689713393,243.27004474536994,245.04995177283377
24.0,COD,243.24510947577224,243.20930651938576,242.2561286283008,244.286674354394
24.25,COD,243.70529352937524,243.68923763526502,242.75764006950826,244.53311131663736
24.5,COD,245.7356689719954,245.70076927390863,244.9000668352967,246.46096121804626
24.75,COD,247.19017228779373,247.17969780053767,246.47039317722022,247.7910193903659
25.0,COD,247.1793363476802,247.1987600442338,246.30680113972036,247.95491678215473
25.25,COD,247.22591083081934,247.23348962531898,246.41641248520222,248.0775507045617
25.5,COD,246.67572900619612,246.67488323345847,245.94622212348398,247.36606587344818
25.75,COD,244.54491040503535,244.56327339687698,243.7305411972044,245.25759288774245
26.0,COD,243.9924988552576,243.9978616430173,243.04557584145465,244.84181961255695
26.25,COD,246.13510208250347,246.11314642523084,245.02120663507753,247.0887915662504
26.5,COD,247.38314783193988,247.3847099842018,246.39750714510987,248.05472842158264
26.75,COD,246.68570927364897,246.68735445066568,245.70860797860766,247.36650715486275
27.0,COD,245.2433310779965,245.25213572619612,244.31819773203094,245.921585403327
27.25,COD,245.1442651231208,245.15796671245062,244.27953928604447,245.85442700673454
27.5,COD,245.55266549823446,245.54484853537792,244.73216555183694,246.23290835107514
27.75,COD,245.0693702502639,245.06624881760172,244.27723208695235,245.7432892407692
28.0,COD,246.03653694266805,246.0343339888776,245.296506130408,246.68339771322923
28.25,COD,247.05445361293826,247.05117360496263,246.34647370285109,247.6852390508827
28.5,COD,247.1317041693353,247.11081108567777,246.42669076114416,247.7427299832808
28.75,COD,246.2367173896615,246.22254888139145,245.5271840832098,246.86311354912272
29.0,COD,243.32506913357503,243.31420360599742,242.56524948928765,243.9880445358249
29.25,COD,239.10120358756063,239.10015210070816,238.23630103309077,239.83105226297093
29.5,COD,234.82287921142077,234.83002072141025,233.846251043367,235.69988359930852
29.75,COD,232.34681990098463,232.3587731198755,231.28549343778172,233.30058263598823
30.0,COD,233.19247018073887,233.16572198035072,232.1301614877993,234.19919058959653
0.0,NH4+NH3,0.8679999999999959,0.868,0.8679999999999999,0.8680000000000001
0.25,NH4+NH3,0.733580082569701,0.6268779907278429,0.4887922968002665,1.7285033127504525
0.5,NH4+NH3,1.491076694585993,1.493315424941133,0.6302888156990273,2.6936451252979037
0.75,NH4+NH3,0.9174000238558354,0.8835839067611603,0.7265397306687059,1.379475686850604
1.0,NH4+NH3,1.036138340048127,1.04927511878393,0.7906336564056773,1.3408835841536288
1.25,NH4+NH3,2.6954130176289324,2.7078637403285475,2.0544272005383957,3.6083036020745216
1.5,NH4+NH3,5.972761585095601,5.807430055892576,4.326672405560538,9.290755197449167
1.75,NH4+NH3,7.099617097291948,6.997940724839894,5.2063133720372825,9.925556657320517
2.0,NH4+NH3,2.8563056689230053,2.8295531520405555,0.9849323473950364,3.97566427341459
2.25,NH4+NH3,0.7784401293962838,0.748221447278753,0.611643016708052,1.016202635594049
2.5,NH4+NH3,0.8544168237935981,0.7969312481304773,0.6206672513560811,1.1544819060209788
2.75,NH4+NH3,0.9394220556395272,0.8431551132883102,0.6284976619474534,1.3809924349871627
3.0,NH4+NH3,0.8121364614162863,0.7719487563552212,0.6131689668395115,1.0710269331629536
3.25,NH4+NH3,0.6583886299803872,0.6546155022557962,0.5859518670648385,0.7542825434198568
3.5,NH4+NH3,0.5791371749982771,0.5802460371540419,0.4863040146796147,1.0964710178000912
3.75,NH4+NH3,2.9689689531489063,3.1338199416633667,0.6159258538649479,4.52122599602796
4.0,NH4+NH3,2.669999834498294,2.6097783713632703,1.7980933722822445,3.8717701009205223
4.25,NH4+NH3,0.6838310800019564,0.6784881733273,0.5860988832265444,0.8805660514245675
4.5,NH4+NH3,0.777662859068557,0.7412321592226967,0.6037272857320657,1.0001701018768243
4.75,NH4+NH3,0.7278089617132917,0.7117738686933963,0.5966492086244145,0.8839672246003819
5.0,NH4+NH3,0.6363807069095874,0.6311215546287545,0.5759882526994134,0.716976260741281
5.25,NH4+NH3,0.5835778314033412,0.5881561793548974,0.5158414650507801,0.6667625503654231
5.5,NH4+NH3,0.6404480457876743,0.6035922934232644,0.5077107895527665,0.9925047720848396
5.75,NH4+NH3,0.8671379022731762,0.8611288226344002,0.5547058782939127,1.1540329027122078
6.0,NH4+NH3,0.6936585677316003,0.6978911959869024,0.6034050726413693,0.8389695598254089
6.25,NH4+NH3,0.6113390814554538,0.6072447368659202,0.5582307238068815,0.6846546965141395
6.5,NH4+NH3,0.6530362776597034,0.6547113645337449,0.5699581547188263,0.7325000058908934
6.75,NH4+NH3,0.6514070623916056,0.6545410496184243,0.5705025691677826,0.7288612827711939
7.0,NH4+NH3,0.6062303632794698,0.6051403905523944,0.5526282132546285,0.6771569909908791
7.25,NH4+NH3,0.5381050909751266,0.5496304998574351,0.45747873850707205,0.6317613152181369
7.5,NH4+NH3,1.641305123369077,1.7251496056017483,0.4842777506760941,3.3622719259828058
7.75,NH4+NH3,4.3696864001963185,4.17978493789858,3.0107919577095545,9.627625763277575
8.0,NH4+NH3,4.1323953222334096,4.108529212566314,2.6387446025757666,8.686777556745106
8.25,NH4+NH3,0.5422235471154038,0.5431666174854213,0.4323371067412417,0.8213918221188418
8.5,NH4+NH3,0.5144983479049722,0.5265918835642878,0.4315306784614214,0.6186810394292336
8.75,NH4+NH3,0.5370738855934474,0.544921495121033,0.46604627387541997,0.6276439565207026
9.0,NH4+NH3,0.4960796295414371,0.5094298564968158,0.40761208764727896,0.6105618645645364
9.25,NH4+NH3,1.5794476490913552,1.4309379910630493,0.5184211570418004,3.5441371692715307
9.5,NH4+NH3,3.483272368555662,2.914314488308547,2.242431767263922,7.88630273711911
9.75,NH4+NH3,2.592742937594726,2.1122121770357136,1.4955593844458703,5.673579109595231
10.0,NH4+NH3,0.6007747686550825,0.6037564831376494,0.5121232261708404,0.7172627436778366
10.25,NH4+NH3,0.5081985411058927,0.5184909580526946,0.4288840661045208,0.6118574902561392
10.5,NH4+NH3,0.5664824212973465,0.5669245788717177,0.512524376092399,0.6400412975247362
10.75,NH4+NH3,0.6262292856230296,0.6305444285260913,0.5608751770178041,0.6868548597540372
11.0,NH4+NH3,0.6158218911049146,0.6170792102313403,0.5554790027162272,0.6753752936523539
11.25,NH4+NH3,0.5348560104282206,0.5430689040681154,0.46033032361665766,0.6279294904408408
11.5,NH4+NH3,1.897690294732715,1.7997804078926336,0.4987853174320209,4.8829565521490155
11.75,NH4+NH3,4.318969859912636,3.7807885046854928,2.8396827305991033,10.433548725289462
12.0,NH4+NH3,2.1190777864845507,1.9639700438512186,1.1140788041344993,5.117610411510025
12.25,NH4+NH3,0.5693125001823681,0.5724333399950254,0.5040813953850537,0.6806319990557075
12.5,NH4+NH3,0.6025392505145951,0.5983599792785699,0.5492313842794496,0.693163529949362
12.75,NH4+NH3,0.5878974120959239,0.5887759398776664,0.5177042905528827,0.7344835294465785
13.0,NH4+NH3,2.2731989946857327,2.218191642425288,1.6541337776700034,3.7238501793844354
13.25,NH4+NH3,5.596859731245298,5.22346041724683,4.058813523841299,11.181263256421166
13.5,NH4+NH3,6.8161218894232265,6.3562480665750565,4.783177967309547,14.004238514966293
13.75,NH4+NH3,1.9925991160847756,1.9833795226694906,1.2932382942991887,3.031422766764112
14.0,NH4+NH3,0.501121516203119,0.513485994908802,0.41293705934964875,0.6083303500742825
14.25,NH4+NH3,0.5475869880663508,0.553937505553078,0.47990362473209325,0.6328623541022723
14.5,NH4+NH3,0.60797445804767,0.6049366585934913,0.5536729930191168,0.675651045233006
14.75,NH4+NH3,0.6230134679049079,0.6201678184380632,0.5632961702940029,0.6933641796192855
15.0,NH4+NH3,0.539790170690628,0.5514963217291307,0.458257479739458,0.6318134674396554
15.25,NH4+NH3,0.49779344417252,0.5156359538649893,0.399675892917131,0.6139038283871493
15.5,NH4+NH3,0.5524008102491591,0.5540457019386231,0.43538065954453575,0.7523164871398091
15.75,NH4+NH3,0.5430564651644516,0.5524227559686832,0.4707783141743846,0.629264736550957
16.0,NH4+NH3,0.6001092106025263,0.60107869629901,0.5528419688959416,0.6686102398376262
16.25,NH4+NH3,0.7063134529715961,0.7023038018130965,0.5819414641986861,0.8544984260895021
16.5,NH4+NH3,0.6883347620420829,0.6939790574341942,0.5805254367531432,0.8299098127544732
16.75,NH4+NH3,0.6746755464810118,0.6762289163785123,0.5795382607122462,0.8050673366181622
17.0,NH4+NH3,0.6437756956464779,0.6396035506097215,0.5728615933117809,0.738743745219112
17.25,NH4+NH3,0.5814942537580781,0.5950043400652831,0.5087271027024955,0.661419169489815
17.5,NH4+NH3,0.5487691040353243,0.563995912883556,0.45977358124788065,0.6415379999953336
17.75,NH4+NH3,0.5831701945919583,0.5930791724025042,0.5182218743877904,0.6591585490615871
18.0,NH4+NH3,0.6143695900904498,0.6150903237263825,0.5604228678385987,0.6901510532560042
18.25,NH4+NH3,0.7056637274500688,0.7093315811847178,0.5833588244005103,0.8539643154161072
18.5,NH4+NH3,0.7351857972694614,0.7356941459754356,0.5890870557925725,0.9265763965822975
18.75,NH4+NH3,0.6783859667959483,0.6759530811351495,0.5794584467113941,0.8158408224259914
19.0,NH4+NH3,0.6107900953849371,0.6183345194870111,0.5469145216474083,0.6923483136400602
19.25,NH4+NH3,0.5333988721939955,0.5534652271414706,0.43336118227695236,0.6345369450627355
19.5,NH4+NH3,0.5185172916411138,0.5395165429900519,0.4164965952029432,0.6270712399903224
19.75,NH4+NH3,0.5513365985726975,0.565537749191848,0.46747775263540037,0.6437514786625732
20.0,NH4+NH3,0.5873649372728407,0.5963076486784837,0.5249279575851242,0.6614128192883643
20.25,NH4+NH3,0.6255363702095109,0.6243229394522196,0.5627471997443325,0.7111910767731705
20.5,NH4+NH3,0.7162450283447777,0.7194304006374025,0.5821812891354526,0.8895693815366237
20.75,NH4+NH3,0.713812963436698,0.7196218206057364,0.5822548539978355,0.8951263980712291
21.0,NH4+NH3,0.6199041820243382,0.6230981688818455,0.5608113483266747,0.7075882842956424
21.25,NH4+NH3,0.5522955709999133,0.56901940138475,0.4616420693925696,0.6477663860309899
21.5,NH4+NH3,0.5456427139886874,0.5611959907654585,0.4568509083977637,0.6407508196823998
21.75,NH4+NH3,0.5210912227334974,0.5396241595055953,0.4242384800612474,0.6274896094051233
22.0,NH4+NH3,0.5696620119834531,0.5800649577845131,0.5016857646654905,0.6498253052128103
22.25,NH4+NH3,0.6278247303452242,0.6249429260839321,0.5602042796213826,0.706730208229349
22.5,NH4+NH3,0.6540454898546683,0.6557366792857904,0.5657214511261008,0.7469119804780394
22.75,NH4+NH3,0.6150488760562303,0.6170460886999527,0.5573926223640927,0.6899749417472132
23.0,NH4+NH3,0.5512453764116776,0.566234993038958,0.46606883421051415,0.6449378438362707
23.25,NH4+NH3,0.5053047618631551,0.527534579218023,0.3999801485285828,0.6210813393497224
23.5,NH4+NH3,1.0779466778392979,0.571888362239087,0.3980974417886876,3.8558017130329687
23.75,NH4+NH3,1.7920204983597001,1.6110702556702572,0.8076705684793665,5.890227385070609
24.0,NH4+NH3,0.5135921830630891,0.5241178061091849,0.4043821324458354,0.6454379957956232
24.25,NH4+NH3,0.5222314145519981,0.5392078266231162,0.4300702805409052,0.6255196021995636
24.5,NH4+NH3,0.5821839871074086,0.5887301543987234,0.5244849514751884,0.6548195123137364
24.75,NH4+NH3,0.6276582627563988,0.6235967926622961,0.5588138794238195,0.7107160704411742
25.0,NH4+NH3,0.5899799990779644,0.5970439289354015,0.5303024860565781,0.6611528895883662
25.25,NH4+NH3,0.5732153509171048,0.5840386324067298,0.5051616635989479,0.6519652666780869
25.5,NH4+NH3,0.5509737155604804,0.5546527656900815,0.4583219565409493,0.7905428864186368
25.75,NH4+NH3,2.9966595763836366,2.811715883630895,1.2601766060034583,6.454750614472997
26.0,NH4+NH3,4.890094964455907,4.7325751291009714,3.6777851145492306,10.205586387624098
26.25,NH4+NH3,2.2642799053679363,2.2880642092112193,1.4073603984331786,3.3988119157924923
26.5,NH4+NH3,0.6324093212389628,0.635571050092003,0.5015018478843344,0.8822444299260521
26.75,NH4+NH3,0.9652499826843008,0.9978447903878837,0.6979975249143043,1.1189802813844323
27.0,NH4+NH3,2.1366288234356174,2.1274826676323912,1.7797188196699045,2.8674024579362496
27.25,NH4+NH3,1.5248831499875684,1.5488583688912856,1.1340990192279308,2.0648005002794294
27.5,NH4+NH3,0.6636542112851741,0.67721731646819,0.552794203270443,0.7785071391967917
27.75,NH4+NH3,0.4963757838837811,0.5120481014972327,0.4009315704901235,0.6085970976722352
28.0,NH4+NH3,0.5257143796694816,0.5371562360718971,0.44553622767851736,0.6213641481382174
28.25,NH4+NH3,0.546176852821466,0.5580297763174994,0.46870348422251473,0.6360807189395157
28.5,NH4+NH3,0.5718988261676683,0.5807963105940209,0.5077664511638122,0.6499499101877978
28.75,NH4+NH3,0.5574384942344015,0.564472542000984,0.47181282967071864,0.7739811639005741
29.0,NH4+NH3,2.7911122849251333,2.694412726594112,2.1709745675881984,4.531856113363383
29.25,NH4+NH3,7.475274658482791,7.125167176884698,5.661059533758977,14.548840458401779
29.5,NH4+NH3,12.893131446828935,12.32540475393575,9.609130505252265,26.31819249680377
29.75,NH4+NH3,14.705985720981488,14.293392388202406,11.016844325227549,29.999533608828404
30.0,NH4+NH3,10.201668292507271,9.833648664064619,7.789072309978709,19.279841229608078
0.0,NO3+NO2,50.28900000000043,50.289,50.288999999999994,50.28900000000001
0.25,NO3+NO2,49.03624177802273,48.702367329956004,48.31883791561769,50.2705117449007
0.5,NO3+NO2,48.369728210926816,47.90188985600692,47.30785724412812,50.0504425040989
0.75,NO3+NO2,48.1959892941131,47.71779962083389,46.967103493137905,49.96752602723058
1.0,NO3+NO2,47.981566848598874,47.555478886612164,46.73768621322775,49.741904126192054
1.25,NO3+NO2,48.08352842742513,47.72416532643193,46.90670214626233,49.74297965136852
1.5,NO3+NO2,48.86962384940267,48.55499233588964,47.76373867336131,50.50806104410578
1.75,NO3+NO2,49.75023533199361,49.483172749763774,48.72485035579372,51.37912874071551
2.0,NO3+NO2,50.203345655284124,49.98494222033236,49.31054971122495,51.757430650381636
2.25,NO3+NO2,50.09328155007946,49.95334024090724,49.33261073936243,51.395458613572586
2.5,NO3+NO2,49.41529063924326,49.29139651564229,48.7221438900565,50.56398175138246
2.75,NO3+NO2,48.35344769417681,48.180788679160415,47.708568826457885,49.53213780072722
3.0,NO3+NO2,47.70321522346353,47.443507407847584,46.92305412408247,49.069301749312146
3.25,NO3+NO2,47.59704815054793,47.25612030083174,46.671826753550604,49.14781918737387
3.5,NO3+NO2,47.705028210149464,47.373243757321816,46.77350291917548,49.2315692493296
3.75,NO3+NO2,47.867104138196375,47.62468788002668,46.91451296299515,49.062330795847814
4.0,NO3+NO2,47.822097568348724,47.65835767176286,46.92443636476383,48.788439085228994
4.25,NO3+NO2,47.24002878641082,47.15223801159258,46.538933622716854,48.00733234132985
4.5,NO3+NO2,45.96415028724223,45.90388985238851,45.353290064277246,46.65529385425338
4.75,NO3+NO2,44.70388615899963,44.619253599171806,44.12702011640271,45.45610546580171
5.0,NO3+NO2,44.04009587504383,43.92882864670888,43.46735804348427,44.84758671769178
5.25,NO3+NO2,43.440283768695316,43.353645772824734,42.88241071109046,44.17152522800056
5.5,NO3+NO2,42.80487672456345,42.79224335253738,42.308895287057645,43.346296341907546
5.75,NO3+NO2,42.31293143994682,42.32444592249399,41.81839961520175,42.9394056473484
6.0,NO3+NO2,41.85753299390603,41.83141489753605,41.231588731099585,42.553190920490415
6.25,NO3+NO2,41.15196377514201,41.14492529901952,40.39563214164134,41.88776916862084
6.5,NO3+NO2,40.57691662188983,40.59515818429417,39.81717516958943,41.26891783970464
6.75,NO3+NO2,40.34313583259926,40.33322650325887,39.687920674707385,40.935926366169085
7.0,NO3+NO2,40.18778639334115,40.16436740580608,39.651862280843275,40.73081547330259
7.25,NO3+NO2,40.46798169276975,40.446296404127715,39.95794528568689,41.02803271921872
7.5,NO3+NO2,41.508352038368166,41.46870018217092,40.86946863591653,42.21168581161478
7.75,NO3+NO2,43.299007970048315,43.245383901256034,42.507835377221404,44.16571312008698
8.0,NO3+NO2,45.319911902155454,45.264787008276535,44.39100027696399,46.29094834085064
8.25,NO3+NO2,46.76551958514997,46.70608359797987,45.738369601133606,47.70036754135633
8.5,NO3+NO2,47.04130071107535,47.02119192031333,46.031405377295876,48.01263342056547
8.75,NO3+NO2,46.86621747077002,46.905848534233066,45.75633697408359,47.91861009481668
9.0,NO3+NO2,46.728201590036576,46.83883236410843,45.413596844771256,47.86040642004635
9.25,NO3+NO2,46.91282960410716,47.078242468783266,45.378246763258154,48.18853822270349
9.5,NO3+NO2,47.51177652893119,47.68984046353569,45.84532787852782,48.90159186299829
9.75,NO3+NO2,48.351265788816754,48.526469641034794,46.63116751350095,49.79801519214795
10.0,NO3+NO2,49.059006372909636,49.192963959472635,47.3981481269725,50.56648951016847
10.25,NO3+NO2,48.95520987815019,49.105930281715665,47.25672171946241,50.53761245111625
10.5,NO3+NO2,47.96328225298191,48.145768072258505,46.19360821784097,49.57055401489836
10.75,NO3+NO2,46.47070870500581,46.66638668726847,44.72357541802229,48.01274765536393
11.0,NO3+NO2,45.15012401879566,45.345096416909186,43.51959070505855,46.5746507417942
11.25,NO3+NO2,44.135831833860344,44.334846530876604,42.56724115239794,45.526499060575574
11.5,NO3+NO2,43.54359008606578,43.76370146914453,41.8567360589735,44.99740077756009
11.75,NO3+NO2,43.513738276995,43.716942839511326,41.73511728217717,44.957357410739704
12.0,NO3+NO2,43.57458748392036,43.74782716967916,41.806945518643786,45.05524796449244
12.25,NO3+NO2,43.52032659832269,43.672835127604344,41.86332003448057,44.998961511083145
12.5,NO3+NO2,43.24563761352875,43.399670544795725,41.66502861327489,44.65558433482412
12.75,NO3+NO2,42.857877026215945,43.01098841882093,41.355359522521844,44.19844739446318
13.0,NO3+NO2,42.78435410087933,42.93745084686967,41.28413212230669,44.10891291168351
13.25,NO3+NO2,43.64259595019141,43.76847442445411,42.215992398180425,44.92801830602869
13.5,NO3+NO2,45.26977069486734,45.34289943473987,43.95940070379143,46.49984912559256
13.75,NO3+NO2,46.8913686242006,46.90484895553544,45.75649405050367,48.059418370876884
14.0,NO3+NO2,47.80332667559681,47.796197416311244,46.79101659179844,48.95041548187934
14.25,NO3+NO2,47.88753994118915,47.898090724432095,46.86159245042786,49.03345034943454
14.5,NO3+NO2,47.478168819308166,47.52121264750093,46.456563511854085,48.56949876065382
14.75,NO3+NO2,46.73911651108133,46.77422262828662,45.88402332935478,47.693702610791675
15.0,NO3+NO2,46.20872520287172,46.21260928659129,45.551781253917916,46.99834580822722
15.25,NO3+NO2,46.290092378172574,46.29002739848086,45.65714530763743,47.00662103398002
15.5,NO3+NO2,46.5098924678931,46.51589983199328,45.784700735340586,47.236721860299376
15.75,NO3+NO2,46.65524070058181,46.66854170891828,45.85029651716314,47.413848515361614
16.0,NO3+NO2,46.73213428370346,46.74997528520386,45.91376138892796,47.511978575575945
16.25,NO3+NO2,46.85732085364281,46.848881286867226,46.18598578558069,47.56592713619563
16.5,NO3+NO2,47.2806026627942,47.30093348389042,46.70643905882505,47.772230051037226
16.75,NO3+NO2,47.46978040823863,47.400092491856654,46.85889409412642,48.10775225791407
17.0,NO3+NO2,47.520233762149786,47.32430208668407,46.843372010182826,48.45041310926916
17.25,NO3+NO2,48.02292532479816,47.76588162507136,47.250097454897066,49.15702326308202
17.5,NO3+NO2,48.67784568120822,48.40380989993929,47.89869657013461,49.86219370329233
17.75,NO3+NO2,49.12581244730317,48.89558266978765,48.419459471890335,50.19726778985076
18.0,NO3+NO2,49.4441312057422,49.25099914373272,48.79165557384564,50.406050517799116
18.25,NO3+NO2,49.60438296548424,49.405259704135034,48.91574095138367,50.58172679630532
18.5,NO3+NO2,49.556680855686665,49.309478765661666,48.633559127226484,50.74144380926771
18.75,NO3+NO2,49.485523629026666,49.14826793705399,48.23529065646356,50.997500539698585
19.0,NO3+NO2,49.93843028480147,49.53399999904724,48.448887886824025,51.73558850281952
19.25,NO3+NO2,50.99462482386392,50.56176489053075,49.427864297244795,52.91627467182526
19.5,NO3+NO2,52.06111887577117,51.66245024099203,50.59404348771911,53.88451792030009
19.75,NO3+NO2,52.795574003096206,52.468522152598084,51.52470360574508,54.378353277990165
20.0,NO3+NO2,53.122261655622594,52.85947466330113,52.025436433413994,54.48004774655365
20.25,NO3+NO2,52.72718830668479,52.50498221117003,51.7180131347061,53.95508060653373
20.5,NO3+NO2,51.32107465009496,51.08366676839613,50.26962237209666,52.56152961624399
20.75,NO3+NO2,49.687038111246125,49.416023410929725,48.510100736532955,51.071739401358236
21.0,NO3+NO2,48.777205780324266,48.46076435767043,47.45831298658387,50.33823190582675
21.25,NO3+NO2,48.548492185961116,48.21083877397665,47.187235499253276,50.170130156878855
21.5,NO3+NO2,48.55111523951029,48.24881447934575,47.306525370941166,50.052335578253775
21.75,NO3+NO2,48.415003132169275,48.180182170327555,47.34675505190362,49.674345243355084
22.0,NO3+NO2,48.131612998916104,47.98399105673482,47.27473333285803,49.093204388055284
22.25,NO3+NO2,47.74137382196461,47.65923067226281,47.037231825129155,48.46911052083007
22.5,NO3+NO2,47.58439407770703,47.53062687826515,46.94632569492753,48.223312171754934
22.75,NO3+NO2,47.60678958560556,47.53443669870183,46.94317345694459,48.29223883563221
23.0,NO3+NO2,47.328482091069176,47.226437033023764,46.60427569647304,48.09154247386713
23.25,NO3+NO2,47.06714204330891,46.97036379803171,46.35726935677828,47.807544397896585
23.5,NO3+NO2,46.92401455778333,46.85167960913765,46.302639941221265,47.54221799988045
23.75,NO3+NO2,46.87626020431282,46.78018285278837,46.20786933571194,47.58271212601118
24.0,NO3+NO2,46.6218078782316,46.528529597740985,45.863759348433085,47.37591116991191
24.25,NO3+NO2,45.674233049857634,45.64540941187286,44.89575447529271,46.51638565662897
24.5,NO3+NO2,44.32032383662256,44.3386758735905,43.579439077400906,45.06972465416863
24.75,NO3+NO2,42.773312629205535,42.81267076905476,42.11206420767971,43.40454021079899
25.0,NO3+NO2,41.48130171769012,41.50065160367339,40.90399802581478,42.02334161112486
25.25,NO3+NO2,40.6164451787833,40.63698619515855,40.10326272340843,41.04439357199346
25.5,NO3+NO2,40.002941463969975,40.01854715271865,39.52251978067276,40.40053878059777
25.75,NO3+NO2,39.950917313393084,39.95165102241615,39.378186825336186,40.42934900563067
26.0,NO3+NO2,40.423223602237385,40.433278564937225,39.78358664938873,40.96321175151609
26.25,NO3+NO2,41.16782899436246,41.21024092391616,40.44095393952259,41.7209791384726
26.5,NO3+NO2,41.47991685078776,41.5166075035387,40.7557397088309,41.97550502907681
26.75,NO3+NO2,40.97889699027379,40.984539636207,40.315985165399034,41.46418104958135
27.0,NO3+NO2,40.670630340287076,40.67446795840439,40.03132043344997,41.131782714142815
27.25,NO3+NO2,41.093739041467806,41.10512323442698,40.43958589754548,41.50532865658986
27.5,NO3+NO2,41.86962036159194,41.886638677136176,41.18913466767037,42.28377737463278
27.75,NO3+NO2,42.363656331165146,42.35055667944332,41.70578229697019,42.81634461810132
28.0,NO3+NO2,42.420861543477876,42.3824248764776,41.80549185454043,42.95511276722518
28.25,NO3+NO2,42.06211378047817,42.04605676545289,41.47841917581819,42.65588010929978
28.5,NO3+NO2,41.584807824513284,41.58623003609971,41.030601597869016,42.19958516375359
28.75,NO3+NO2,41.498231922456355,41.50696757701402,40.944455983081575,42.11123974911911
29.0,NO3+NO2,41.78944170277807,41.7881801331112,41.28083110923582,42.34317933597634
29.25,NO3+NO2,42.923944106143836,42.91131330514759,42.4157999923815,43.3942129073326
29.5,NO3+NO2,44.920246173065784,44.954804113618664,44.36382482247845,45.31777139514042
29.75,NO3+NO2,47.36849866403172,47.284104478265334,46.70538280717548,48.127413612262444
30.0,NO3+NO2,49.43743188506193,49.22921636112786,48.64583655212803,50.54736976119809
0.0,TKN,18.55000000000003,18.549999999999997,18.549999999999994,18.55
0.25,TKN,18.46347492397766,18.403279383893178,18.119677759496124,19.54828290535647
0.5,TKN,18.820016090903774,18.832091207354324,17.99655001425851,20.004725865116566
0.75,TKN,17.99256168829606,17.951194444152843,17.796724607983368,18.40344198489202
1.0,TKN,17.93104391139673,17.909555735914402,17.727486568407,18.259552021232345
1.25,TKN,19.474963926964627,19.446772974757444,18.772767168785734,20.409245859331534
1.5,TKN,22.840942713118555,22.62925634155557,21.119269696248963,26.220765386027153
1.75,TKN,24.248199409770134,24.12855237397961,22.25184206732769,27.105758256150292
2.0,TKN,20.2383840973027,20.240448145968415,18.386850180870777,21.310059486698403
2.25,TKN,18.08358473980503,18.02333769693344,17.78940256571824,18.41599665191422
2.5,TKN,17.919811730182644,17.84439667375328,17.548812437794147,18.33607369010115
2.75,TKN,17.76013842858916,17.668892512152986,17.311422741771857,18.244852767724485
3.0,TKN,17.465783993229913,17.473560958552046,17.13653968511883,17.70980803676228
3.25,TKN,17.312178004911278,17.31748062864834,17.101264334429448,17.563551704812216
3.5,TKN,17.3473849967676,17.37327238241181,17.08396183329191,17.971570656670533
3.75,TKN,19.834484688296413,19.975464784868898,17.486405560363682,21.44260181803658
4.0,TKN,19.636505473846977,19.574880001137576,18.712550947565372,20.856504685661072
4.25,TKN,17.691519146708508,17.702560123612187,17.465249105890244,17.897787587758057
4.5,TKN,17.639046557747317,17.61859480399149,17.33015789352799,17.897130089534517
4.75,TKN,17.363152904443414,17.37846596810982,17.08196115730193,17.58426943095482
5.0,TKN,17.251209081516322,17.24291434702484,17.02650873433675,17.484707881321235
5.25,TKN,17.36401850570394,17.364672119426913,17.17832159436862,17.59164453175304
5.5,TKN,17.643441226611117,17.6112026282917,17.3988393931301,18.049982441759948
5.75,TKN,18.22450035174841,18.224884112061588,17.840407589561963,18.486153426508707
6.0,TKN,18.42816262342545,18.42422783254001,18.26259660554407,18.632080118499683
6.25,TKN,18.664940541385956,18.671955353249686,18.450797588236576,18.846369714347468
6.5,TKN,18.978207032928108,18.982435748185537,18.738818678961337,19.1568037055139
6.75,TKN,19.291221320020178,19.29781537263232,19.058884381458945,19.47507422487388
7.0,TKN,19.72799570562945,19.716024321434677,19.53661612987895,19.997624757177945
7.25,TKN,19.981757694954222,19.994147036722637,19.75641639648473,20.294195359001932
7.5,TKN,21.20389463904192,21.33452622399919,19.923756510506436,22.85311152765775
7.75,TKN,24.036722805922885,23.897983488521902,22.54274511064828,29.269156090440955
8.0,TKN,23.83091617618304,23.81907912439182,22.357367909854855,28.29934200762858
8.25,TKN,20.073234969124485,20.058128394010886,19.890605047730535,20.363115055092855
8.5,TKN,19.844337083760987,19.843832962691987,19.603486864914125,20.063022384664766
8.75,TKN,19.70155745650926,19.704574935264098,19.451366507541955,19.922530707778275
9.0,TKN,19.51497362750068,19.502249564887002,19.255529799385354,19.789776200094018
9.25,TKN,20.36006805862164,20.199211642775108,19.166735861620687,22.352020624097864
9.5,TKN,21.911982021965034,21.347961279137543,20.48111558118636,26.33963560554947
9.75,TKN,20.732387036413712,20.270839758085778,19.469303512708347,23.835800504604258
10.0,TKN,18.439052048784653,18.445535631209374,18.136466415082527,18.70320695455679
10.25,TKN,17.8692716356895,17.87896380311334,17.519289745878247,18.137207365082833
10.5,TKN,17.401532583728933,17.42378627256494,17.06000577716284,17.63543217333115
10.75,TKN,17.02074913536723,17.042289505212096,16.696914826538862,17.252594765558175
11.0,TKN,16.825607523217066,16.817026727080474,16.528629944900405,17.145156077484476
11.25,TKN,16.73767143096042,16.718167053084343,16.4196209090258,17.162973503515012
11.5,TKN,17.96521344031319,17.868156514207882,16.328655307185876,20.85510020701554
11.75,TKN,20.192173000077492,19.694240847065345,18.557551628003395,26.267444824451605
12.0,TKN,17.60038785838634,17.473640854703824,16.578375947435234,20.602008803418823
12.25,TKN,15.483927131779694,15.4869199231329,15.247632314125775,15.699315319869566
12.5,TKN,14.846721266733326,14.857969359739226,14.610265598942336,15.02190929033162
12.75,TKN,14.218586983358527,14.229296112457735,13.97818198939493,14.42449495692213
13.0,TKN,15.64877082355469,15.557120615564454,14.848559471947956,17.23362132582553
13.25,TKN,18.857563273397353,18.46054727920371,17.147840515120926,24.52858266879241
13.5,TKN,19.989763126632248,19.534012376557655,17.78403212721692,27.170203095843494
13.75,TKN,15.157053261500243,15.164462455245092,14.290541883886988,16.229690640313866
14.0,TKN,13.738789411441024,13.75316230759552,13.438475407589653,13.945706422863802
14.25,TKN,14.088026396733119,14.106223355035542,13.79866135932109,14.269455556420164
14.5,TKN,14.535896892759403,14.55630073399822,14.268472512079404,14.710690022950772
14.75,TKN,14.897507393690947,14.892175231998872,14.666777924658225,15.158660775373441
15.0,TKN,15.132483940438862,15.126997711477692,14.836247315987713,15.59317723000584
15.25,TKN,15.403448278043305,15.411550334574246,15.060558306638027,15.932600224550516
15.5,TKN,15.75400032807982,15.724675116790696,15.45324169357397,16.15914914676089
15.75,TKN,15.873455727597964,15.86184046755822,15.635662888880098,16.23752870439256
16.0,TKN,16.01378979597359,15.99132788148227,15.81256665616312,16.31945651732594
16.25,TKN,16.266344855251106,16.24165575980028,16.100821856462208,16.546665969761296
16.5,TKN,16.322665068002138,16.317498665731463,16.08251644162737,16.724784001934477
16.75,TKN,16.43697601731231,16.457088075986498,16.090944466338026,16.962820238474773
17.0,TKN,16.6244155240343,16.67093537982772,16.184089391925582,17.244643786246517
17.25,TKN,16.580728153564262,16.65147691433225,16.058897981429915,17.257906751978087
17.5,TKN,16.48182317694373,16.561340848053856,15.953934258212206,17.12320739052878
17.75,TKN,16.498030921997724,16.56494995215663,16.049940926212848,17.034723032230506
18.0,TKN,16.657774411989035,16.714002577880404,16.269399447812944,17.113943107840257
18.25,TKN,16.886102214613402,16.931285743236728,16.549898430803676,17.294707963658634
18.5,TKN,17.174290386735496,17.227260609300515,16.764389920695383,17.710851629036085
18.75,TKN,17.36785255465115,17.45818912531846,16.760488380981002,18.1316551838167
19.0,TKN,17.49221048220438,17.620119709119862,16.731562473657803,18.419949547738483
19.25,TKN,17.690601000417857,17.840090998257683,16.84291384808308,18.700888286444588
19.5,TKN,17.81632696754362,17.975192524976556,16.9897148531525,18.770244082454965
19.75,TKN,17.937590698540138,18.090606400043974,17.186603911493062,18.77264016577297
20.0,TKN,17.90803219254141,18.03867433388447,17.228836991182614,18.658738631896945
20.25,TKN,17.74164642274555,17.857173496725657,17.112509072357945,18.447603582636916
20.5,TKN,17.4575504865833,17.55047057434828,16.889474444022774,18.125457199777653
20.75,TKN,17.043725026043752,17.14087333059448,16.429250458409797,17.769229055896666
21.0,TKN,16.75364990704671,16.88536729248761,16.01905411435626,17.595827745148693
21.25,TKN,16.535448941984516,16.679195439474036,15.758982873731027,17.413264302718154
21.5,TKN,16.262920016535304,16.40123870456984,15.542312696991422,17.051720181305697
21.75,TKN,15.851956029987495,15.97785068525793,15.211931523672984,16.52561219275053
22.0,TKN,15.552456235177118,15.647648080674301,15.041679986823736,16.097753313163622
22.25,TKN,15.291863145661948,15.3565014471247,14.905514234191187,15.69996971708522
22.5,TKN,15.299508573841281,15.35753632026396,14.969179207892982,15.668588021729727
22.75,TKN,15.727054347829425,15.79269165914233,15.345238852227721,16.13649246470504
23.0,TKN,16.190591511381992,16.269922220979925,15.727832454652239,16.692735163975858
23.25,TKN,16.55806722172432,16.64376108187797,16.069561971905355,17.092127787539226
23.5,TKN,17.27841595209371,16.99419249516262,16.442011610886606,19.74637717184574
23.75,TKN,17.81533180238084,17.751046842678758,16.819274731431065,21.705442913112616
24.0,TKN,16.26048497291674,16.287710657387507,15.995072838448154,16.567375547255814
24.25,TKN,16.071910559104058,16.088868088951273,15.858147572324363,16.315569150762595
24.5,TKN,15.976539852925093,15.973916918274917,15.809041596844693,16.179974541537895
24.75,TKN,15.876879347180934,15.867095914578552,15.706410433259174,16.126387374904873
25.0,TKN,15.764242481631495,15.774595594118304,15.521155057866823,16.151583981758282
25.25,TKN,15.767114603590855,15.786358191963691,15.490799111187155,16.19987841909442
25.5,TKN,15.747595330197674,15.761230465957219,15.470989148434903,16.14117932409954
25.75,TKN,18.168635214949212,18.01543349836229,16.362082951951866,21.558577498554886
26.0,TKN,20.122638620579195,19.977064576010953,18.81151987759854,25.419806206152284
26.25,TKN,17.76390627807484,17.77073305993828,16.896954239945856,18.86662045846012
26.5,TKN,16.523599715147668,16.50864601361179,16.396383409795185,16.764892899602092
26.75,TKN,17.148831331450033,17.1522805759099,16.919054993738513,17.312640368635652
27.0,TKN,18.691348406595075,18.701711841339176,18.236058554365094,19.555684790527934
27.25,TKN,18.528446634894713,18.5128554771377,18.17085518972738,19.020444443774185
27.5,TKN,18.041717499617135,18.050364278755573,17.874249837225523,18.17880569802899
27.75,TKN,18.19528957391016,18.19816553611456,18.02204674119569,18.316314687251097
28.0,TKN,18.572376491618385,18.567816521331597,18.400737841566972,18.702074681539614
28.25,TKN,19.046739771973893,19.040489083099498,18.89055380289977,19.170780394698138
28.5,TKN,19.488054695926312,19.47842035918681,19.340869223132213,19.6125434014719
28.75,TKN,19.966987546821464,19.963177345780032,19.817754861082864,20.126064467649165
29.0,TKN,22.638201197397418,22.49969647164374,21.936934825096227,24.535078873711353
29.25,TKN,27.470222533353837,27.099494641200167,25.55659087020043,34.654269988895386
29.5,TKN,33.05589210377312,32.49199136899436,29.721001984452702,46.48409356913931
29.75,TKN,35.22024750461915,34.835643112345636,31.417270174712634,50.46273069122579
30.0,TKN,31.041609467564538,30.664353030986394,28.491592801267235,40.050330457225925
0.0,Alkalinity,2.8269999999999986,2.827,2.8269999999999995,2.8270000000000004
0.25,Alkalinity,2.92183529767061,2.938500142605897,2.819175100231631,3.0287409162396113
0.5,Alkalinity,3.0651900483390166,3.1007993062483594,2.9072267617323435,3.1842351123160584
0.75,Alkalinity,2.981088578568552,3.0177147418612735,2.842996132859356,3.090017150982066
1.0,Alkalinity,2.898031879348017,2.9295532504432575,2.7578075348567714,3.004460223177262
1.25,Alkalinity,2.9820376205195545,2.9958749951975276,2.8798252528638772,3.1010780227172723
1.5,Alkalinity,3.1893693062068587,3.179126584583914,3.072811001165431,3.343640568919746
1.75,Alkalinity,3.2157458209583263,3.2044982952450907,3.0720953074795774,3.389423410156449
2.0,Alkalinity,2.812266329995283,2.822852497463597,2.5676464465289315,2.9608132989180067
2.25,Alkalinity,2.734834348230488,2.738865724438934,2.6524468341863647,2.7902409545821234
2.5,Alkalinity,3.013542448018378,3.0134565810917167,2.945842285506236,3.06153487167055
2.75,Alkalinity,3.359139240331762,3.3607199185430776,3.2981288535519515,3.40207674149676
3.0,Alkalinity,3.604149825048024,3.6181528063798574,3.516947465888979,3.652837524970576
3.25,Alkalinity,3.6704584200129924,3.6945104569251104,3.5592910166454255,3.7343778897684863
3.5,Alkalinity,3.6436464743692087,3.6683690126645256,3.5296363927223977,3.73199293126478
3.75,Alkalinity,3.7247830226754863,3.7249050140629105,3.5489465125564514,3.857952527279122
4.0,Alkalinity,3.6682999413355115,3.669031842082763,3.580828126591303,3.8125946609515675
4.25,Alkalinity,3.621486232223205,3.6259290892022364,3.5695755006552052,3.6717167004877176
4.5,Alkalinity,3.7982620250302492,3.7965731479535014,3.7539878251070022,3.844269733879121
4.75,Alkalinity,3.873507243777816,3.87654694693443,3.8242169845952514,3.91505828377263
5.0,Alkalinity,3.864501534504098,3.872087898631353,3.8057785221032328,3.9069279159013783
5.25,Alkalinity,3.9741711889800326,3.981040459599286,3.918730712959538,4.016262875435504
5.5,Alkalinity,4.273550028758295,4.275990216225724,4.235820551756739,4.309405842091579
5.75,Alkalinity,4.680407461326171,4.678541228083319,4.632568298634615,4.727753453648064
6.0,Alkalinity,5.000779381054434,5.001568019311829,4.948048158321241,5.044546174273104
6.25,Alkalinity,5.284826863274347,5.285647447114023,5.23173285877244,5.33818364321368
6.5,Alkalinity,5.5805454523208,5.57897880117258,5.529702284151188,5.6369683654208025
6.75,Alkalinity,5.82848898773571,5.829020476198413,5.784295942698456,5.877149494422138
7.0,Alkalinity,6.044201429971242,6.045492385434651,6.003986403072789,6.08134861566446
7.25,Alkalinity,6.241320384305906,6.241951866744767,6.201624077636784,6.274503439367765
7.5,Alkalinity,6.554078238425262,6.55009259792456,6.45826454406957,6.68040999230708
7.75,Alkalinity,6.974021774788829,6.953897947289874,6.856738064267706,7.359537423390893
8.0,Alkalinity,7.1398341962499865,7.141618490253535,7.000570021284211,7.486586580745743
8.25,Alkalinity,7.018592894914176,7.019989856031491,6.949435026876988,7.102504799854204
8.5,Alkalinity,7.274795370503501,7.277709792020115,7.206807701348569,7.345710066953981
8.75,Alkalinity,7.610857572027709,7.608387895254397,7.5380600391466555,7.686206714761805
9.0,Alkalinity,7.884845844461185,7.878546343073969,7.8060221731229396,7.97321282953213
9.25,Alkalinity,8.233220483309458,8.20337364396704,8.092811913140427,8.413319604365546
9.5,Alkalinity,8.528635968300382,8.467101520528448,8.365539693690076,8.879622331400116
9.75,Alkalinity,8.393792975978446,8.34338486960215,8.235359430029826,8.667960540705288
10.0,Alkalinity,8.033519272088437,8.025150756968802,7.926029131650254,8.147983519427314
10.25,Alkalinity,7.87394885506496,7.864746505216576,7.764138018487361,7.990537034939492
10.5,Alkalinity,7.8325745357876935,7.8207703834162805,7.717729256617683,7.957200710935486
10.75,Alkalinity,7.808648093561117,7.794396651957601,7.695563557569686,7.935107543687744
11.0,Alkalinity,7.7624113201437055,7.748217165235293,7.657985535496724,7.879701057124249
11.25,Alkalinity,7.744241830890257,7.730900774623129,7.646509421447813,7.852362126892216
11.5,Alkalinity,7.907146051173134,7.863984736015929,7.715590410957479,8.181694009026614
11.75,Alkalinity,8.178823368655788,8.10956277159639,8.017033013473212,8.662848202705153
12.0,Alkalinity,8.047563129516863,8.019974615546268,7.886660572453164,8.319836296927024
12.25,Alkalinity,7.892461843376473,7.882622748336807,7.787640165474639,8.007432475313848
12.5,Alkalinity,7.868032510318933,7.857588676210208,7.765645467822274,7.980259739428821
12.75,Alkalinity,7.792684867712548,7.783042245822967,7.699320680832823,7.895955823549729
13.0,Alkalinity,7.802471836738937,7.778238491423631,7.706771183028032,7.944388434779698
13.25,Alkalinity,7.888688754598521,7.83801268066148,7.760967107614791,8.324651885343874
13.5,Alkalinity,7.779321684204501,7.724593688793853,7.627584989579582,8.314693917172017
13.75,Alkalinity,7.211974841541461,7.205941083901601,7.129623609849274,7.31584349478459
14.0,Alkalinity,6.989709936225849,6.990990237819766,6.908951945464592,7.061022123624566
14.25,Alkalinity,7.121338887759395,7.121226563816963,7.040962775163443,7.191502040981057
14.5,Alkalinity,7.357406193753442,7.354372328363572,7.277725447089442,7.4297352092458535
14.75,Alkalinity,7.664481745254779,7.662535368472697,7.593962533432172,7.725434674266864
15.0,Alkalinity,7.896746189678649,7.89843035838272,7.841536795884021,7.941145134805641
15.25,Alkalinity,7.982499250651857,7.983913777065155,7.933413045167083,8.024174831717895
15.5,Alkalinity,8.066818593920198,8.065840251814963,8.014428816397354,8.118663591395208
15.75,Alkalinity,8.11998127509082,8.120341404310903,8.067806305760367,8.175824884790442
16.0,Alkalinity,8.136655171243659,8.135784704090838,8.080882476407055,8.193563301658402
16.25,Alkalinity,8.104188677785611,8.104422191412194,8.050042736010045,8.160666127077452
16.5,Alkalinity,7.91989289627789,7.9181136797289025,7.8814240804887445,7.9677402642128285
16.75,Alkalinity,7.712977697363304,7.7175566271573075,7.667945836307536,7.758652109430778
17.0,Alkalinity,7.673066907085483,7.687798937858332,7.605116121268614,7.720882447943339
17.25,Alkalinity,7.638629167051632,7.659237367976046,7.553525014224202,7.694886031784746
17.5,Alkalinity,7.6928097921747876,7.714871468439131,7.603407279869821,7.7509634479544385
17.75,Alkalinity,7.937444532551705,7.955656122899057,7.857116062633056,7.988874279274929
18.0,Alkalinity,8.245415870955568,8.261233798870839,8.17443424275591,8.29203051978101
18.25,Alkalinity,8.53228172277779,8.546809619122554,8.465387665116854,8.576984659436286
18.5,Alkalinity,8.827968742897198,8.84533709913331,8.747642027840998,8.886807075344443
18.75,Alkalinity,9.194849834690972,9.2193166307035,9.086593125568841,9.279901883965339
19.0,Alkalinity,9.499516279059623,9.529869930283633,9.367377558285165,9.60518586471023
19.25,Alkalinity,9.68415000849119,9.716934643341421,9.5403673977932,9.798462813303761
19.5,Alkalinity,9.958316531311638,9.988738668265574,9.821486150982517,10.066925314381844
19.75,Alkalinity,10.323459886978766,10.348781108368264,10.205234447694131,10.417255569687114
20.0,Alkalinity,10.630248522444044,10.650824199268722,10.530379796903517,10.710296080938642
20.25,Alkalinity,10.88794966450193,10.9055644907463,10.799279796337906,10.960214473400969
20.5,Alkalinity,11.16543968383955,11.181669048683247,11.080881236980014,11.23587633918349
20.75,Alkalinity,11.440600789848856,11.460192934590186,11.344630824242453,11.519519972040438
21.0,Alkalinity,11.579609518915237,11.604372048200416,11.465111254359043,11.67349418286175
21.25,Alkalinity,11.70274819515433,11.728584060217184,11.581481810054338,11.801991817012247
21.5,Alkalinity,11.86923100820991,11.891986552682773,11.757129823073727,11.95956315416527
21.75,Alkalinity,11.894904637469471,11.913129079667549,11.799493030736999,11.973449614828436
22.0,Alkalinity,11.874264139775487,11.88600736858023,11.8022913108593,11.935802709907861
22.25,Alkalinity,11.951824962941181,11.958683830908424,11.899642323825294,11.998995109726136
22.5,Alkalinity,12.28615269170652,12.29101103396519,12.242018534750837,12.328204892411696
22.75,Alkalinity,12.734675562935404,12.741109258548853,12.684536811747764,12.78148017912204
23.0,Alkalinity,12.900723620045408,12.90959646015694,12.841730387095138,12.95499157161985
23.25,Alkalinity,12.818219384832625,12.8267879013462,12.759236820912042,12.872923907410401
23.5,Alkalinity,12.620634679985278,12.606879280286929,12.552602566200292,12.789345807414435
23.75,Alkalinity,12.43337964447103,12.426369718772076,12.37438057927003,12.700341523862653
24.0,Alkalinity,12.283124110749313,12.290852625230004,12.223533277756838,12.344777076338241
24.25,Alkalinity,12.28369104190064,12.288056143466111,12.218593451383962,12.34033887424114
24.5,Alkalinity,12.125492071957153,12.124850011938307,12.068051977434804,12.180980200251696
24.75,Alkalinity,11.89354334869963,11.890539220924603,11.846301841284177,11.94522419510729
25.0,Alkalinity,11.790676638589593,11.790175876622923,11.74769699467855,11.833255544094566
25.25,Alkalinity,11.81846642948188,11.817935485650338,11.783838214129712,11.856590854996915
25.5,Alkalinity,11.875521119066343,11.87371457454653,11.847084841960418,11.908922223686593
25.75,Alkalinity,12.110486950431342,12.089931349107292,12.004206676710858,12.35078792426143
26.0,Alkalinity,12.35926674181051,12.349480933732398,12.266356888608438,12.737104752997709
26.25,Alkalinity,12.232172158890437,12.230764165098886,12.15819215657294,12.33450365961309
26.5,Alkalinity,12.2086954845071,12.203601764347095,12.170301840861901,12.272508684227033
26.75,Alkalinity,12.477935690299482,12.474909169890232,12.447382162394542,12.519720262573253
27.0,Alkalinity,12.793061251724156,12.792142843501473,12.759927958489614,12.856496832779106
27.25,Alkalinity,12.89991654642143,12.899548221489654,12.867196800083406,12.940327461151494
27.5,Alkalinity,12.995857834293453,12.992784530379385,12.967128462076705,13.04635386564625
27.75,Alkalinity,13.2571153589582,13.255565036781586,13.227977283095681,13.30554118929085
28.0,Alkalinity,13.571725049805869,13.573761928962602,13.53615041450714,13.617739614622375
28.25,Alkalinity,13.740068655659412,13.74251976013582,13.699548813164197,13.783172059151228
28.5,Alkalinity,13.736398673696526,13.737871739170458,13.693504206044304,13.776852035147687
28.75,Alkalinity,13.659720099216747,13.660942842502255,13.61793346240764,13.695786835783526
29.0,Alkalinity,13.823310599192526,13.811511027700544,13.766328370053825,13.958783786548503
29.25,Alkalinity,14.147387892205405,14.117623082023385,14.017621408692596,14.666266512273912
29.5,Alkalinity,14.485086566193946,14.444458480072765,14.256589607458965,15.442994202441795
29.75,Alkalinity,14.628963775902374,14.612369399346843,14.375894422917156,15.696672854078681
30.0,Alkalinity,14.33242235823213,14.312213128388343,14.17024177660417,14.931821438939831
0.0,TSS,369.0869999999996,369.087,369.08699999999993,369.08700000000005
0.25,TSS,370.3048828424574,370.52744862011065,369.05817179841796,371.3775199730863
0.5,TSS,372.83972656504693,373.04191292897235,371.54370862954676,373.82476024892406
0.75,TSS,374.9228124329879,375.17933612406216,373.41204929318826,376.0845979133534
1.0,TSS,374.84925327922934,375.0853788965871,373.2549714092332,376.06970389757396
1.25,TSS,373.39986985977333,373.6094082446301,371.7475313815967,374.5733636239742
1.5,TSS,371.1816479772517,371.3803037306075,369.45288593058444,372.3628864081685
1.75,TSS,370.0669117826517,370.25493196595505,368.3583361265605,371.2156710721713
2.0,TSS,371.506966319916,371.67336775457943,370.00596120726004,372.61656639316925
2.25,TSS,373.2194660647398,373.3585631481184,371.86628313892817,374.5190268726592
2.5,TSS,374.3397179500078,374.4216156580319,373.05579374331546,375.54655055272013
2.75,TSS,375.72876131467103,375.79252346709586,374.3789520093427,376.8782405883711
3.0,TSS,377.28970251179885,377.36804428506167,375.85147244952503,378.5546452970831
3.25,TSS,377.1970194508922,377.3040602595628,375.64588755225213,378.55267625471754
3.5,TSS,374.7396310357332,374.86876916002063,373.20545749835696,376.0514814664313
3.75,TSS,371.68790677516677,371.7355389278407,370.34231169322703,372.8633431826931
4.0,TSS,370.7951034480263,370.8028323469814,369.67023658220285,371.96122583069075
4.25,TSS,371.8084742282959,371.825459918433,370.7771646000672,372.8798050272548
4.5,TSS,373.4175772760767,373.4057133680187,372.45350331534627,374.4423529303801
4.75,TSS,373.66221403368513,373.6507099239705,372.6675012860489,374.65653466478307
5.0,TSS,373.4567674804892,373.4347570139688,372.4362730898344,374.50047401351975
5.25,TSS,373.26877508956727,373.26126105700286,372.273494221792,374.3018762536886
5.5,TSS,372.28409989276753,372.28908055512386,371.37837838306416,373.2469118358034
5.75,TSS,371.3767245763368,371.3944724346533,370.41815010693955,372.3205630391955
6.0,TSS,371.4401517485407,371.45057673557267,370.4781383454624,372.3260012005581
6.25,TSS,371.6273684633435,371.646008088003,370.675871601165,372.4405727383599
6.5,TSS,371.86983182475143,371.8821659590251,370.88839534245386,372.71342193827377
6.75,TSS,371.47002531609536,371.49719004227484,370.4689100581538,372.40264663590955
7.0,TSS,369.78045177578343,369.8001515113809,368.7475316533045,370.78692009196584
7.25,TSS,367.2006512959259,367.20534703749263,366.1067594062511,368.2046176246821
7.5,TSS,363.5223477495544,363.5335717583117,362.40058971910037,364.53179570578976
7.75,TSS,359.62027538594026,359.64405947161356,358.46824937986554,360.5865030256933
8.0,TSS,358.14729473526376,358.17352756589514,356.97675242643896,359.15618860889487
8.25,TSS,359.59490324992623,359.62267479212414,358.41616313589964,360.50819833577617
8.5,TSS,359.6918899179764,359.7194001165615,358.5585746698592,360.59262609543157
8.75,TSS,359.32267163628006,359.3376199934216,358.1825540455955,360.2137657689211
9.0,TSS,357.7385477182212,357.7554869601121,356.5470608835053,358.619996387068
9.25,TSS,353.55411990652755,353.5680508848502,352.3148172609218,354.4281429469426
9.5,TSS,349.1949750979883,349.22037546502446,347.8480896927856,350.2500782582345
9.75,TSS,346.76239588331055,346.80050046599547,345.32978100039617,347.82438802367693
10.0,TSS,345.6678587365478,345.70497986149394,344.0783183938219,346.70625977071796
10.25,TSS,344.6165988549453,344.6741629227273,343.0877813008919,345.59000651642634
10.5,TSS,345.24140366658247,345.2485857635038,343.79260430661503,346.23176643436943
10.75,TSS,347.15669372005993,347.1450625442885,345.7656122518829,348.1749669462944
11.0,TSS,348.2998826150163,348.29974437109365,346.9887526467822,349.31697519468975
11.25,TSS,347.3805744976405,347.3855743890541,346.03444950494725,348.4343438631086
11.5,TSS,343.87160489495056,343.9172753702901,342.47140413522425,344.84487093201017
11.75,TSS,340.3585726952843,340.38841585119565,338.9786502981544,341.3218940918907
12.0,TSS,340.2458827283873,340.2521055156898,338.81596357463553,341.29871946460594
12.25,TSS,341.10246214434164,341.07036783915316,339.7112075533101,342.22864037504263
12.5,TSS,340.9322780951154,340.90851232552114,339.5827593022637,342.0048345661261
12.75,TSS,338.8969486967739,338.8827398639844,337.6057482783643,339.93964791373674
13.0,TSS,334.22084724115825,334.2224433638439,332.9240782481055,335.2251704715264
13.25,TSS,328.98368824036044,329.03634628147313,327.7196146868447,329.87622931304077
13.5,TSS,326.0207726215934,326.05531505161196,324.7816315948495,326.95504109698436
13.75,TSS,326.2716748693921,326.31726758534035,325.0827020486453,327.2251854866703
14.0,TSS,326.2095271830894,326.2411254387163,325.0517629472325,327.0954625583407
14.25,TSS,325.57436384955383,325.5928760692045,324.46935565044686,326.42023622640465
14.5,TSS,324.9990723490474,325.0122053637507,323.9040281398689,325.81886088672354
14.75,TSS,324.66146048382524,324.67235877734015,323.5813989786591,325.51187769512006
15.0,TSS,322.30649737050294,322.32401266985494,321.2726130902009,323.2508829890814
15.25,TSS,318.44924120772123,318.44477941611876,317.41586819176337,319.4300857956495
15.5,TSS,315.1774071192044,315.18567675048416,314.1982819555793,316.03299460815316
15.75,TSS,311.97925139805795,311.99243977090555,310.9614131106793,312.81918959106054
16.0,TSS,307.9616650899355,307.97348105604704,306.94243591527163,308.78972300695665
16.25,TSS,304.3680255986297,304.3823607217447,303.383385029589,305.1664925535723
16.5,TSS,301.26994473261584,301.2665719224812,300.1830531310276,302.2076206606854
16.75,TSS,298.5897240083808,298.55736581120294,297.50463554839365,299.6650542782064
17.0,TSS,297.20276676767145,297.18643430915915,296.0050057281606,298.39241877679285
17.25,TSS,295.5412974171857,295.5658637166895,294.21806633245853,296.7785318928661
17.5,TSS,292.92419626954984,292.9806977926651,291.5742555336111,294.1362403383193
17.75,TSS,290.90632149790713,290.93815213312064,289.6531945967048,291.99336676548086
18.0,TSS,289.8859091916703,289.8854731833221,288.69847349674484,290.9333210074204
18.25,TSS,289.9087262328755,289.9234137026817,288.67411137951774,290.9879884645462
18.5,TSS,290.4384845310966,290.46065026391534,289.0470754444142,291.724297019062
18.75,TSS,290.4260781483243,290.4654965549237,288.80517790162065,291.9924123090858
19.0,TSS,289.5480262245419,289.6053128699441,287.72628089938576,291.2545850564702
19.25,TSS,288.1857848457713,288.2839552000627,286.2803680647881,289.9156766047589
19.5,TSS,286.90260924281023,287.0013784810304,285.08184258744694,288.48700623829296
19.75,TSS,286.3943337554588,286.4855590994524,284.75669027800296,287.8278147393491
20.0,TSS,286.2738432166874,286.342188439413,284.78522106695357,287.5775790704173
20.25,TSS,286.1159205911218,286.15978741669676,284.71916599862493,287.36329622440616
20.5,TSS,285.8989563895948,285.9321824163847,284.52060198002005,287.2073476409636
20.75,TSS,284.5194940599024,284.5243886235179,283.1070306367608,285.9450847455761
21.0,TSS,281.70530208630237,281.71782865997613,280.20247574980766,283.22572984828315
21.25,TSS,278.2109296037573,278.2519738621037,276.6592181739304,279.7045390409223
21.5,TSS,274.9437742089344,274.98041659474654,273.486460006925,276.31707983134226
21.75,TSS,271.3427761004487,271.3520613190708,270.0456469098445,272.51524202202404
22.0,TSS,268.3087016166222,268.28414393961407,267.2023149692574,269.3344346623798
22.25,TSS,267.7924944253147,267.7880183351856,266.8118823287193,268.76241906775067
22.5,TSS,268.03887097170116,268.0337192608216,267.09372046177566,269.1316036861924
22.75,TSS,266.97118327553864,266.96982519767505,265.96242924482107,268.12493813140395
23.0,TSS,264.65618926639445,264.6357892469477,263.5895721233847,265.71977036359186
23.25,TSS,262.1567554919973,262.1278648589134,261.0795728143679,263.2031872208676
23.5,TSS,259.85971229357233,259.8289064303708,258.7783813185725,260.85894521251055
23.75,TSS,257.16687454975227,257.1854000407492,256.2183649601644,258.03592562391265
24.0,TSS,254.4640762255253,254.4787972856576,253.46633091029952,255.47142216446437
24.25,TSS,252.50287395229512,252.52435943044216,251.5504831687903,253.40055230656787
24.5,TSS,252.5123906712228,252.52481521530197,251.58181491244744,253.3332101948373
24.75,TSS,253.3015743906045,253.3011749987971,252.38479673915674,254.1229347684407
25.0,TSS,253.62940015419846,253.60688964647252,252.68956472215206,254.52165881758285
25.25,TSS,253.5435610037252,253.5143775277455,252.62734985606238,254.45780992109508
25.5,TSS,253.51312942176898,253.5082125605393,252.6334271089988,254.35153454219812
25.75,TSS,253.10978439341295,253.09301398032284,252.25321839269606,254.0099773627975
26.0,TSS,254.2405653999259,254.23937756462573,253.30804628428052,255.04191842830596
26.25,TSS,257.11472531800035,257.163844533385,256.15738304805427,257.8757062610582
26.5,TSS,259.4146499360834,259.4213236617811,258.52927999394814,260.1316159069206
26.75,TSS,261.03253779858966,261.0300863136319,260.17069109724486,261.7675297110393
27.0,TSS,261.29163154381695,261.2858945049084,260.4143469501095,262.04479390987035
27.25,TSS,261.1278925822821,261.12121345183095,260.25940836774885,261.8892105452918
27.5,TSS,261.4229667427079,261.41736122921975,260.5644043355255,262.1929709497813
27.75,TSS,261.90135222768134,261.8929309909005,261.05443315005994,262.66327150939674
28.0,TSS,262.6366792717312,262.6378456671765,261.83194768902877,263.36740480364034
28.25,TSS,264.28966412337735,264.27789544787254,263.4787711162648,264.9968005587199
28.5,TSS,266.37009332275943,266.36335323885925,265.55526643890056,267.04526886272856
28.75,TSS,267.83010021075455,267.8257437136124,267.0349849867425,268.51169169248607
29.0,TSS,268.84208006450217,268.8309332823201,268.0639227642455,269.54583106713153
29.25,TSS,269.75338311434984,269.72502142748647,268.9014657601138,270.5793199456102
29.5,TSS,269.717842218196,269.6717231459435,268.7741615712782,270.6458617560684
29.75,TSS,270.01141962983735,269.9588592025056,269.04773077536197,271.03887334943266
30.0,TSS,272.76196617095326,272.72794566069615,271.847118462983,273.69925012509265
